Ciudades,Rutas,PesoMaximo,Nanosegundos
3,3,0,10965
3,3,1,14038
3,3,2,13130
3,3,3,16622
3,3,4,13340
3,3,5,16272
3,3,6,13409
3,3,7,19625
3,3,8,19486
3,3,9,19556
3,3,10,19276
3,3,11,21371
3,3,12,21371
3,3,13,21511
3,3,14,17670
3,3,15,18019
3,3,16,20812
3,3,17,20533
3,3,18,23536
3,3,19,20323
3,3,20,19695
4,4,0,10406
4,4,1,14178
4,4,2,14247
4,4,3,17670
4,4,4,17809
4,4,5,13829
4,4,6,20533
4,4,7,20324
4,4,8,20672
4,4,9,20324
4,4,10,20742
4,4,11,19556
4,4,12,23047
4,4,13,23048
4,4,14,22698
4,4,15,22977
4,4,16,21650
4,4,17,21441
4,4,18,21860
4,4,19,18508
4,4,20,22279
4,5,0,10686
4,5,1,14108
4,5,2,14108
4,5,3,17670
4,5,4,17460
4,5,5,21371
4,5,6,17390
4,5,7,19974
4,5,8,20463
4,5,9,20114
4,5,10,23816
4,5,11,20393
4,5,12,22419
4,5,13,22908
4,5,14,22837
4,5,15,22629
4,5,16,22698
4,5,17,22070
4,5,18,21999
4,5,19,21930
4,5,20,24863
4,6,0,10057
4,6,1,13549
4,6,2,13130
4,6,3,16831
4,6,4,16902
4,6,5,19975
4,6,6,16971
4,6,7,20393
4,6,8,19486
4,6,9,19555
4,6,10,23047
4,6,11,19136
4,6,12,23396
4,6,13,22489
4,6,14,19486
4,6,15,22488
4,6,16,18508
4,6,17,22559
4,6,18,21580
4,6,19,21860
4,6,20,21441
5,5,0,8730
5,5,1,12013
5,5,2,13968
5,5,3,12013
5,5,4,14736
5,5,5,17460
5,5,6,17321
5,5,7,23466
5,5,8,17321
5,5,9,17530
5,5,10,20114
5,5,11,19695
5,5,12,16762
5,5,13,17321
5,5,14,16971
5,5,15,19695
5,5,16,19276
5,5,17,27587
5,5,18,22139
5,5,19,16343
5,5,20,18926
5,6,0,8451
5,6,1,11664
5,6,2,11523
5,6,3,11454
5,6,4,14457
5,6,5,17809
5,6,6,14317
5,6,7,14736
5,6,8,17669
5,6,9,17530
5,6,10,17250
5,6,11,20393
5,6,12,17460
5,6,13,17460
5,6,14,20254
5,6,15,17250
5,6,16,20253
5,6,17,20882
5,6,18,20114
5,6,19,20324
5,6,20,20254
5,7,0,8660
5,7,1,12222
5,7,2,12361
5,7,3,15854
5,7,4,15853
5,7,5,19765
5,7,6,15993
5,7,7,19556
5,7,8,19066
5,7,9,18997
5,7,10,19136
5,7,11,22768
5,7,12,18857
5,7,13,22349
5,7,14,19555
5,7,15,22838
5,7,16,22209
5,7,17,22419
5,7,18,25910
5,7,19,26190
5,7,20,25631
5,8,0,9080
5,8,1,12991
5,8,2,13340
5,8,3,17320
5,8,4,17321
5,8,5,20952
5,8,6,16552
5,8,7,20324
5,8,8,20952
5,8,9,20882
5,8,10,20603
5,8,11,24723
5,8,12,20254
5,8,13,20603
5,8,14,24933
5,8,15,24653
5,8,16,24793
5,8,17,24933
5,8,18,24654
5,8,19,24653
5,8,20,24444
5,9,0,10057
5,9,1,14038
5,9,2,14527
5,9,3,18647
5,9,4,18647
5,9,5,22698
5,9,6,22699
5,9,7,18647
5,9,8,22489
5,9,9,22559
5,9,10,22279
5,9,11,22418
5,9,12,26609
5,9,13,26399
5,9,14,26470
5,9,15,26399
5,9,16,26470
5,9,17,26749
5,9,18,26749
5,9,19,26889
5,9,20,26889
5,10,0,10546
5,10,1,14946
5,10,2,15434
5,10,3,20324
5,10,4,19905
5,10,5,19486
5,10,6,19974
5,10,7,23885
5,10,8,24444
5,10,9,24305
5,10,10,23955
5,10,11,24444
5,10,12,24235
5,10,13,28635
5,10,14,28495
5,10,15,28215
5,10,16,28565
5,10,17,28076
5,10,18,29054
5,10,19,28356
5,10,20,28984
6,6,0,8660
6,6,1,14178
6,6,2,12571
6,6,3,16064
6,6,4,15923
6,6,5,15505
6,6,6,19066
6,6,7,18857
6,6,8,18787
6,6,9,26190
6,6,10,19066
6,6,11,32895
6,6,12,25561
6,6,13,18787
6,6,14,21790
6,6,15,32057
6,6,16,22349
6,6,17,22210
6,6,18,21791
6,6,19,22209
6,6,20,31637
6,7,0,9219
6,7,1,13061
6,7,2,13200
6,7,3,17600
6,7,4,17600
6,7,5,16972
6,7,6,17461
6,7,7,16692
6,7,8,20533
6,7,9,20673
6,7,10,28984
6,7,11,20533
6,7,12,20603
6,7,13,20883
6,7,14,20812
6,7,15,24653
6,7,16,20533
6,7,17,24514
6,7,18,24444
6,7,19,24653
6,7,20,35409
6,8,0,9778
6,8,1,13969
6,8,2,13968
6,8,3,14387
6,8,4,14317
6,8,5,23187
6,8,6,23048
6,8,7,22140
6,8,8,22698
6,8,9,22558
6,8,10,22419
6,8,11,26819
6,8,12,26330
6,8,13,26819
6,8,14,26399
6,8,15,22419
6,8,16,26330
6,8,17,26819
6,8,18,26749
6,8,19,27098
6,8,20,26679
6,9,0,10406
6,9,1,15085
6,9,2,15435
6,9,3,20673
6,9,4,19904
6,9,5,19974
6,9,6,24583
6,9,7,24724
6,9,8,24654
6,9,9,24653
6,9,10,24793
6,9,11,34222
6,9,12,24514
6,9,13,29333
6,9,14,29054
6,9,15,29053
6,9,16,29123
6,9,17,29263
6,9,18,28984
6,9,19,29402
6,9,20,29124
6,10,0,11174
6,10,1,16273
6,10,2,16133
6,10,3,21371
6,10,4,21302
6,10,5,26330
6,10,6,26330
6,10,7,26749
6,10,8,25981
6,10,9,26260
6,10,10,25981
6,10,11,31428
6,10,12,31917
6,10,13,31568
6,10,14,31010
6,10,15,26190
6,10,16,31219
6,10,17,31358
6,10,18,31708
6,10,19,36387
6,10,20,30870
6,11,0,11454
6,11,1,17600
6,11,2,17530
6,11,3,23047
6,11,4,22419
6,11,5,22489
6,11,6,22629
6,11,7,27587
6,11,8,28356
6,11,9,28355
6,11,10,28076
6,11,11,27937
6,11,12,28075
6,11,13,33942
6,11,14,33803
6,11,15,34361
6,11,16,33942
6,11,17,33314
6,11,18,33663
6,11,19,33244
6,11,20,33384
6,12,0,12223
6,12,1,18088
6,12,2,18298
6,12,3,24654
6,12,4,23816
6,12,5,24095
6,12,6,30102
6,12,7,29612
6,12,8,29962
6,12,9,30101
6,12,10,29683
6,12,11,29682
6,12,12,29891
6,12,13,35968
6,12,14,35758
6,12,15,29542
6,12,16,35339
6,12,17,35898
6,12,18,35688
6,12,19,35619
6,12,20,35479
6,13,0,12711
6,13,1,19485
6,13,2,18857
6,13,3,25282
6,13,4,25282
6,13,5,25771
6,13,6,25422
6,13,7,31428
6,13,8,31498
6,13,9,31498
6,13,10,31080
6,13,11,38413
6,13,12,37714
6,13,13,38342
6,13,14,38692
6,13,15,38133
6,13,16,37923
6,13,17,37714
6,13,18,38133
6,13,19,37644
6,13,20,38063
6,14,0,13130
6,14,1,19974
6,14,2,20324
6,14,3,26609
6,14,4,27168
6,14,5,26399
6,14,6,26400
6,14,7,33384
6,14,8,32755
6,14,9,33524
6,14,10,33733
6,14,11,33174
6,14,12,40368
6,14,13,41067
6,14,14,39809
6,14,15,39949
6,14,16,39530
6,14,17,40158
6,14,18,39251
6,14,19,39250
6,14,20,39879
6,15,0,13758
6,15,1,20952
6,15,2,21232
6,15,3,27866
6,15,4,27726
6,15,5,28076
6,15,6,27866
6,15,7,35339
6,15,8,33872
6,15,9,34291
6,15,10,35549
6,15,11,34501
6,15,12,34991
6,15,13,42114
6,15,14,41694
6,15,15,41974
6,15,16,42882
6,15,17,42044
6,15,18,41834
6,15,19,41276
6,15,20,49307
7,7,0,9149
7,7,1,17390
7,7,2,18717
7,7,3,24235
7,7,4,18228
7,7,5,18088
7,7,6,18089
7,7,7,31499
7,7,8,22768
7,7,9,31079
7,7,10,31777
7,7,11,22559
7,7,12,32616
7,7,13,39879
7,7,14,26260
7,7,15,26749
7,7,16,26679
7,7,17,38762
7,7,18,26609
7,7,19,31638
7,7,20,26679
7,8,0,9778
7,8,1,15016
7,8,2,18578
7,8,3,26400
7,8,4,19695
7,8,5,24234
7,8,6,19695
7,8,7,23955
7,8,8,24375
7,8,9,24025
7,8,10,42673
7,8,11,42673
7,8,12,28634
7,8,13,34571
7,8,14,28844
7,8,15,28774
7,8,16,28914
7,8,17,28984
7,8,18,29403
7,8,19,42952
7,8,20,29053
7,9,0,10895
7,9,1,16203
7,9,2,16482
7,9,3,21721
7,9,4,28984
7,9,5,26679
7,9,6,25702
7,9,7,37923
7,9,8,26470
7,9,9,37713
7,9,10,26330
7,9,11,46514
7,9,12,31358
7,9,13,31707
7,9,14,26679
7,9,15,31289
7,9,16,31498
7,9,17,31917
7,9,18,31499
7,9,19,31428
7,9,20,31359
7,10,0,11244
7,10,1,17390
7,10,2,17181
7,10,3,23117
7,10,4,23187
7,10,5,22977
7,10,6,22978
7,10,7,28635
7,10,8,28494
7,10,9,28495
7,10,10,28495
7,10,11,28565
7,10,12,28495
7,10,13,34012
7,10,14,33803
7,10,15,34012
7,10,16,33803
7,10,17,34361
7,10,18,33663
7,10,19,34502
7,10,20,39739
7,11,0,11873
7,11,1,18229
7,11,2,18088
7,11,3,24444
7,11,4,24374
7,11,5,24374
7,11,6,30800
7,11,7,30590
7,11,8,30451
7,11,9,29892
7,11,10,30101
7,11,11,31149
7,11,12,36108
7,11,13,36387
7,11,14,36456
7,11,15,36247
7,11,16,36037
7,11,17,36667
7,11,18,36387
7,11,19,36667
7,11,20,36456
7,12,0,12431
7,12,1,19555
7,12,2,19416
7,12,3,26120
7,12,4,25910
7,12,5,25841
7,12,6,25352
7,12,7,32267
7,12,8,32336
7,12,9,31707
7,12,10,32406
7,12,11,38202
7,12,12,38762
7,12,13,31917
7,12,14,38482
7,12,15,38901
7,12,16,38762
7,12,17,38971
7,12,18,37993
7,12,19,38761
7,12,20,38692
7,13,0,12641
7,13,1,20184
7,13,2,20394
7,13,3,27098
7,13,4,26400
7,13,5,26889
7,13,6,26609
7,13,7,33663
7,13,8,33872
7,13,9,33174
7,13,10,34013
7,13,11,34152
7,13,12,41206
7,13,13,41625
7,13,14,41276
7,13,15,40857
7,13,16,41415
7,13,17,40996
7,13,18,40787
7,13,19,41555
7,13,20,48120
7,14,0,13200
7,14,1,21441
7,14,2,21232
7,14,3,28285
7,14,4,28356
7,14,5,28704
7,14,6,36247
7,14,7,35689
7,14,8,35619
7,14,9,35967
7,14,10,35549
7,14,11,43930
7,14,12,43021
7,14,13,35967
7,14,14,37015
7,14,15,65021
7,14,16,42812
7,14,17,43371
7,14,18,43790
7,14,19,43022
7,14,20,43581
7,15,0,13828
7,15,1,22069
7,15,2,21790
7,15,3,30101
7,15,4,30102
7,15,5,38133
7,15,6,29892
7,15,7,37714
7,15,8,38064
7,15,9,37853
7,15,10,38482
7,15,11,45955
7,15,12,37784
7,15,13,45676
7,15,14,37924
7,15,15,45187
7,15,16,44768
7,15,17,45536
7,15,18,45466
7,15,19,45885
7,15,20,53847
7,16,0,14457
7,16,1,23327
7,16,2,23187
7,16,3,31917
7,16,4,31149
7,16,5,31987
7,16,6,31568
7,16,7,39879
7,16,8,40229
7,16,9,40228
7,16,10,39599
7,16,11,48260
7,16,12,38831
7,16,13,47771
7,16,14,39670
7,16,15,47911
7,16,16,39879
7,16,17,47213
7,16,18,48260
7,16,19,48958
7,16,20,47771
7,17,0,15365
7,17,1,24374
7,17,2,24234
7,17,3,34082
7,17,4,33174
7,17,5,32895
7,17,6,33453
7,17,7,42394
7,17,8,41765
7,17,9,41415
7,17,10,41975
7,17,11,42533
7,17,12,50774
7,17,13,41904
7,17,14,50565
7,17,15,50774
7,17,16,50634
7,17,17,51473
7,17,18,50565
7,17,19,50704
7,17,20,59015
7,18,0,15714
7,18,1,25492
7,18,2,24933
7,18,3,35130
7,18,4,34710
7,18,5,34432
7,18,6,34292
7,18,7,44070
7,18,8,43790
7,18,9,43930
7,18,10,43930
7,18,11,53917
7,18,12,43930
7,18,13,52869
7,18,14,43371
7,18,15,53428
7,18,16,51752
7,18,17,52241
7,18,18,52939
7,18,19,62507
7,18,20,61878
7,19,0,16343
7,19,1,26190
7,19,2,26679
7,19,3,36527
7,19,4,35899
7,19,5,36108
7,19,6,45187
7,19,7,46374
7,19,8,45047
7,19,9,45885
7,19,10,45746
7,19,11,55105
7,19,12,45327
7,19,13,54895
7,19,14,45816
7,19,15,54616
7,19,16,55593
7,19,17,54475
7,19,18,54755
7,19,19,65161
7,19,20,55454
7,20,0,16622
7,20,1,27587
7,20,2,27028
7,20,3,37365
7,20,4,38133
7,20,5,38133
7,20,6,37645
7,20,7,47632
7,20,8,48539
7,20,9,48469
7,20,10,47980
7,20,11,48819
7,20,12,47491
7,20,13,48400
7,20,14,47352
7,20,15,57688
7,20,16,57479
7,20,17,57409
7,20,18,57619
7,20,19,57758
7,20,20,57339
7,21,0,17180
7,21,1,28285
7,21,2,28705
7,21,3,39251
7,21,4,38971
7,21,5,39879
7,21,6,39320
7,21,7,50075
7,21,8,49726
7,21,9,49866
7,21,10,49378
7,21,11,50216
7,21,12,61110
7,21,13,60412
7,21,14,60552
7,21,15,61041
7,21,16,60692
7,21,17,60971
7,21,18,60691
7,21,19,60761
7,21,20,59505
8,8,0,9917
8,8,1,19206
8,8,2,15645
8,8,3,20952
8,8,4,20115
8,8,5,28635
8,8,6,20394
8,8,7,36875
8,8,8,36945
8,8,9,25492
8,8,10,25352
8,8,11,47631
8,8,12,45396
8,8,13,30730
8,8,14,30241
8,8,15,30450
8,8,16,45117
8,8,17,60692
8,8,18,45396
8,8,19,60202
8,8,20,35759
8,9,0,10895
8,9,1,16832
8,9,2,16761
8,9,3,23118
8,9,4,22907
8,9,5,22629
8,9,6,22698
8,9,7,22628
8,9,8,28704
8,9,9,28775
8,9,10,28425
8,9,11,33733
8,9,12,50564
8,9,13,33872
8,9,14,33593
8,9,15,50844
8,9,16,50146
8,9,17,34292
8,9,18,50495
8,9,19,34222
8,9,20,80666
8,10,0,11803
8,10,1,22907
8,10,2,18507
8,10,3,24305
8,10,4,24305
8,10,5,30101
8,10,6,33383
8,10,7,30171
8,10,8,43720
8,10,9,30520
8,10,10,30521
8,10,11,30730
8,10,12,30870
8,10,13,43929
8,10,14,36457
8,10,15,36248
8,10,16,35759
8,10,17,54545
8,10,18,35898
8,10,19,37085
8,10,20,36597
8,11,0,12222
8,11,1,19276
8,11,2,19625
8,11,3,25841
8,11,4,35409
8,11,5,25911
8,11,6,32895
8,11,7,32685
8,11,8,32616
8,11,9,32406
8,11,10,32825
8,11,11,58875
8,11,12,32755
8,11,13,39529
8,11,14,38761
8,11,15,38902
8,11,16,32615
8,11,17,39390
8,11,18,38762
8,11,19,38971
8,11,20,45466
8,12,0,12711
8,12,1,20463
8,12,2,20672
8,12,3,37714
8,12,4,27587
8,12,5,34641
8,12,6,27448
8,12,7,34292
8,12,8,34921
8,12,9,34501
8,12,10,34361
8,12,11,42114
8,12,12,34571
8,12,13,41415
8,12,14,41137
8,12,15,40926
8,12,16,41765
8,12,17,62298
8,12,18,41695
8,12,19,42602
8,12,20,40996
8,13,0,13339
8,13,1,21720
8,13,2,21441
8,13,3,28984
8,13,4,40368
8,13,5,29473
8,13,6,28984
8,13,7,36806
8,13,8,36876
8,13,9,37365
8,13,10,36875
8,13,11,44838
8,13,12,44070
8,13,13,44209
8,13,14,44209
8,13,15,44349
8,13,16,44209
8,13,17,44419
8,13,18,44279
8,13,19,44628
8,13,20,43930
8,14,0,13898
8,14,1,22349
8,14,2,22628
8,14,3,30590
8,14,4,30451
8,14,5,39250
8,14,6,30381
8,14,7,30451
8,14,8,38552
8,14,9,38831
8,14,10,39181
8,14,11,38552
8,14,12,38832
8,14,13,38622
8,14,14,47142
8,14,15,47002
8,14,16,46025
8,14,17,45676
8,14,18,47142
8,14,19,46095
8,14,20,55384
8,15,0,14038
8,15,1,24305
8,15,2,22977
8,15,3,32336
8,15,4,32196
8,15,5,41066
8,15,6,32057
8,15,7,41206
8,15,8,40856
8,15,9,40857
8,15,10,40577
8,15,11,40228
8,15,12,49866
8,15,13,49657
8,15,14,49098
8,15,15,49726
8,15,16,49448
8,15,17,49307
8,15,18,49726
8,15,19,57968
8,15,20,49168
8,16,0,14666
8,16,1,24654
8,16,2,24165
8,16,3,33454
8,16,4,33593
8,16,5,33873
8,16,6,33942
8,16,7,42603
8,16,8,42323
8,16,9,42742
8,16,10,42952
8,16,11,43441
8,16,12,42812
8,16,13,52521
8,16,14,51891
8,16,15,51403
8,16,16,51892
8,16,17,52799
8,16,18,51472
8,16,19,51962
8,16,20,61251
8,17,0,15575
8,17,1,25911
8,17,2,25492
8,17,3,35688
8,17,4,35689
8,17,5,35129
8,17,6,34641
8,17,7,45327
8,17,8,44977
8,17,9,44488
8,17,10,44767
8,17,11,44768
8,17,12,54406
8,17,13,54266
8,17,14,45396
8,17,15,54895
8,17,16,55244
8,17,17,54616
8,17,18,55035
8,17,19,54755
8,17,20,54545
8,18,0,16133
8,18,1,26889
8,18,2,26680
8,18,3,37015
8,18,4,37085
8,18,5,37085
8,18,6,36736
8,18,7,47421
8,18,8,47562
8,18,9,47282
8,18,10,46793
8,18,11,47631
8,18,12,56571
8,18,13,57339
8,18,14,57409
8,18,15,57479
8,18,16,57060
8,18,17,56990
8,18,18,58107
8,18,19,68024
8,18,20,57758
8,19,0,16482
8,19,1,27936
8,19,2,27378
8,19,3,38482
8,19,4,38203
8,19,5,38901
8,19,6,38063
8,19,7,49936
8,19,8,48749
8,19,9,49098
8,19,10,48609
8,19,11,49238
8,19,12,48819
8,19,13,49098
8,19,14,60063
8,19,15,60901
8,19,16,59015
8,19,17,59924
8,19,18,59574
8,19,19,59574
8,19,20,70888
8,20,0,16971
8,20,1,28844
8,20,2,28984
8,20,3,40577
8,20,4,40647
8,20,5,40717
8,20,6,40229
8,20,7,51892
8,20,8,51612
8,20,9,51542
8,20,10,50774
8,20,11,50984
8,20,12,61949
8,20,13,62438
8,20,14,62647
8,20,15,61529
8,20,16,62437
8,20,17,61879
8,20,18,62438
8,20,19,62857
8,20,20,73263
8,21,0,17669
8,21,1,30171
8,21,2,29891
8,21,3,41904
8,21,4,42184
8,21,5,41974
8,21,6,41695
8,21,7,53359
8,21,8,52939
8,21,9,53777
8,21,10,52729
8,21,11,54196
8,21,12,64533
8,21,13,52870
8,21,14,63276
8,21,15,53009
8,21,16,64812
8,21,17,66139
8,21,18,65021
8,21,19,64044
8,21,20,76056
8,22,0,18228
8,22,1,31428
8,22,2,31358
8,22,3,43720
8,22,4,43302
8,22,5,43441
8,22,6,43162
8,22,7,56151
8,22,8,54825
8,22,9,55244
8,22,10,53986
8,22,11,55732
8,22,12,67885
8,22,13,55174
8,22,14,66419
8,22,15,68094
8,22,16,67885
8,22,17,66767
8,22,18,66628
8,22,19,67885
8,22,20,67675
8,23,0,18717
8,23,1,31638
8,23,2,32057
8,23,3,44489
8,23,4,44418
8,23,5,44838
8,23,6,45257
8,23,7,57689
8,23,8,57689
8,23,9,57409
8,23,10,57897
8,23,11,57688
8,23,12,57060
8,23,13,70120
8,23,14,56850
8,23,15,69072
8,23,16,70050
8,23,17,70679
8,23,18,70260
8,23,19,68583
8,23,20,69491
8,24,0,19346
8,24,1,32964
8,24,2,32685
8,24,3,46723
8,24,4,46583
8,24,5,46514
8,24,6,45955
8,24,7,58107
8,24,8,58526
8,24,9,59015
8,24,10,60203
8,24,11,59924
8,24,12,70888
8,24,13,73053
8,24,14,59713
8,24,15,72704
8,24,16,72215
8,24,17,72006
8,24,18,72075
8,24,19,72844
8,24,20,85834
8,25,0,19835
8,25,1,34362
8,25,2,34152
8,25,3,47422
8,25,4,47561
8,25,5,47561
8,25,6,47352
8,25,7,61320
8,25,8,59993
8,25,9,62088
8,25,10,61879
8,25,11,61320
8,25,12,60831
8,25,13,74450
8,25,14,74799
8,25,15,74311
8,25,16,74450
8,25,17,74939
8,25,18,75009
8,25,19,75358
8,25,20,74589
8,26,0,20394
8,26,1,35898
8,26,2,35479
8,26,3,50425
8,26,4,49447
8,26,5,49726
8,26,6,49586
8,26,7,64114
8,26,8,62996
8,26,9,62508
8,26,10,63835
8,26,11,75987
8,26,12,77243
8,26,13,77104
8,26,14,76685
8,26,15,77174
8,26,16,77803
8,26,17,77593
8,26,18,76755
8,26,19,76755
8,26,20,76895
8,27,0,20952
8,27,1,36597
8,27,2,36108
8,27,3,50704
8,27,4,52101
8,27,5,51193
8,27,6,51542
8,27,7,67326
8,27,8,65301
8,27,9,65789
8,27,10,65720
8,27,11,79897
8,27,12,65441
8,27,13,66488
8,27,14,79689
8,27,15,79618
8,27,16,79060
8,27,17,78501
8,27,18,80177
8,27,19,80037
8,27,20,80037
8,28,0,21580
8,28,1,37435
8,28,2,37365
8,28,3,53009
8,28,4,52380
8,28,5,52799
8,28,6,51822
8,28,7,68164
8,28,8,66559
8,28,9,67815
8,28,10,66768
8,28,11,67186
8,28,12,67885
8,28,13,82132
8,28,14,67675
8,28,15,83180
8,28,16,80736
8,28,17,82551
8,28,18,81015
8,28,19,82900
8,28,20,81644
9,9,0,11803
9,9,1,22558
9,9,2,22628
9,9,3,24514
9,9,4,23886
9,9,5,30450
9,9,6,46095
9,9,7,30241
9,9,8,24514
9,9,9,44140
9,9,10,43510
9,9,11,53917
9,9,12,29822
9,9,13,53917
9,9,14,36457
9,9,15,54197
9,9,16,36457
9,9,17,54336
9,9,18,54127
9,9,19,36178
9,9,20,54197
9,10,0,11942
9,10,1,19136
9,10,2,24305
9,10,3,25701
9,10,4,35618
9,10,5,25491
9,10,6,25771
9,10,7,47212
9,10,8,33034
9,10,9,47561
9,10,10,26470
9,10,11,32406
9,10,12,32825
9,10,13,32825
9,10,14,38902
9,10,15,39041
9,10,16,39181
9,10,17,38901
9,10,18,39250
9,10,19,45676
9,10,20,39111
9,11,0,12711
9,11,1,20114
9,11,2,20324
9,11,3,27657
9,11,4,27168
9,11,5,27378
9,11,6,27587
9,11,7,34432
9,11,8,34641
9,11,9,50704
9,11,10,34920
9,11,11,34710
9,11,12,41834
9,11,13,63345
9,11,14,34711
9,11,15,42114
9,11,16,41276
9,11,17,41765
9,11,18,41834
9,11,19,41137
9,11,20,42044
9,12,0,13130
9,12,1,21232
9,12,2,21650
9,12,3,40927
9,12,4,41695
9,12,5,29193
9,12,6,37504
9,12,7,37225
9,12,8,29263
9,12,9,36876
9,12,10,36736
9,12,11,45256
9,12,12,37085
9,12,13,68234
9,12,14,45047
9,12,15,68165
9,12,16,45048
9,12,17,45257
9,12,18,44558
9,12,19,52171
9,12,20,45117
9,13,0,13549
9,13,1,22209
9,13,2,22768
9,13,3,31289
9,13,4,30799
9,13,5,31288
9,13,6,31288
9,13,7,39041
9,13,8,39180
9,13,9,39320
9,13,10,38902
9,13,11,47631
9,13,12,47701
9,13,13,47492
9,13,14,47422
9,13,15,72146
9,13,16,72495
9,13,17,47282
9,13,18,48399
9,13,19,47701
9,13,20,55174
9,14,0,14177
9,14,1,30101
9,14,2,23885
9,14,3,31917
9,14,4,32406
9,14,5,45466
9,14,6,32616
9,14,7,40997
9,14,8,60552
9,14,9,41206
9,14,10,41765
9,14,11,41276
9,14,12,50145
9,14,13,50145
9,14,14,50705
9,14,15,50146
9,14,16,50075
9,14,17,49656
9,14,18,75777
9,14,19,76056
9,14,20,50146
9,15,0,14527
9,15,1,24584
9,15,2,31079
9,15,3,34082
9,15,4,34432
9,15,5,48679
9,15,6,43790
9,15,7,43650
9,15,8,44139
9,15,9,43790
9,15,10,43860
9,15,11,43790
9,15,12,43511
9,15,13,52659
9,15,14,52869
9,15,15,52799
9,15,16,53498
9,15,17,53079
9,15,18,53010
9,15,19,52660
9,15,20,64952
9,16,0,15575
9,16,1,26191
9,16,2,26958
9,16,3,35689
9,16,4,36177
9,16,5,45466
9,16,6,35828
9,16,7,35758
9,16,8,46095
9,16,9,45746
9,16,10,46025
9,16,11,56151
9,16,12,56013
9,16,13,45257
9,16,14,55733
9,16,15,56082
9,16,16,56362
9,16,17,55663
9,16,18,55174
9,16,19,54825
9,16,20,56152
9,17,0,15714
9,17,1,26958
9,17,2,27238
9,17,3,37505
9,17,4,37923
9,17,5,47213
9,17,6,48399
9,17,7,48050
9,17,8,48539
9,17,9,47632
9,17,10,48609
9,17,11,48260
9,17,12,58666
9,17,13,58806
9,17,14,59155
9,17,15,47910
9,17,16,49238
9,17,17,57898
9,17,18,58527
9,17,19,58736
9,17,20,69631
9,18,0,16692
9,18,1,28635
9,18,2,28076
9,18,3,39320
9,18,4,39529
9,18,5,39111
9,18,6,50844
9,18,7,50634
9,18,8,51124
9,18,9,50425
9,18,10,50285
9,18,11,50774
9,18,12,61390
9,18,13,61390
9,18,14,61949
9,18,15,61250
9,18,16,50704
9,18,17,61250
9,18,18,61739
9,18,19,61180
9,18,20,62019
9,19,0,16832
9,19,1,29403
9,19,2,28983
9,19,3,41485
9,19,4,41136
9,19,5,41346
9,19,6,41415
9,19,7,52590
9,19,8,52730
9,19,9,52660
9,19,10,52451
9,19,11,64393
9,19,12,63834
9,19,13,52451
9,19,14,64183
9,19,15,64183
9,19,16,64044
9,19,17,63554
9,19,18,64043
9,19,19,63694
9,19,20,63904
9,20,0,17670
9,20,1,30730
9,20,2,30171
9,20,3,42882
9,20,4,42952
9,20,5,43302
9,20,6,54824
9,20,7,55453
9,20,8,55802
9,20,9,54895
9,20,10,55104
9,20,11,66628
9,20,12,55942
9,20,13,66977
9,20,14,66278
9,20,15,67256
9,20,16,67257
9,20,17,67116
9,20,18,67117
9,20,19,78780
9,20,20,66768
9,21,0,18019
9,21,1,30870
9,21,2,31568
9,21,3,44488
9,21,4,43232
9,21,5,44279
9,21,6,43930
9,21,7,57060
9,21,8,57409
9,21,9,56990
9,21,10,57269
9,21,11,57269
9,21,12,70051
9,21,13,69771
9,21,14,69212
9,21,15,69631
9,21,16,70399
9,21,17,68932
9,21,18,69002
9,21,19,69002
9,21,20,69212
9,22,0,18298
9,22,1,32196
9,22,2,32895
9,22,3,45466
9,22,4,46095
9,22,5,46374
9,22,6,45327
9,22,7,59295
9,22,8,59435
9,22,9,59504
9,22,10,58946
9,22,11,72075
9,22,12,72704
9,22,13,73123
9,22,14,71377
9,22,15,73542
9,22,16,73403
9,22,17,72006
9,22,18,71587
9,22,19,72424
9,22,20,72844
9,23,0,18997
9,23,1,34222
9,23,2,33593
9,23,3,47771
9,23,4,48470
9,23,5,47631
9,23,6,47212
9,23,7,61669
9,23,8,61739
9,23,9,60901
9,23,10,61530
9,23,11,61181
9,23,12,62019
9,23,13,62158
9,23,14,62228
9,23,15,75707
9,23,16,74590
9,23,17,75777
9,23,18,76476
9,23,19,74939
9,23,20,74869
9,24,0,19765
9,24,1,35200
9,24,2,35409
9,24,3,50425
9,24,4,49447
9,24,5,49866
9,24,6,49727
9,24,7,64882
9,24,8,64114
9,24,9,63206
9,24,10,63904
9,24,11,63765
9,24,12,78292
9,24,13,64253
9,24,14,78362
9,24,15,78431
9,24,16,78640
9,24,17,78082
9,24,18,77732
9,24,19,78012
9,24,20,77243
9,25,0,20603
9,25,1,36526
9,25,2,36247
9,25,3,52031
9,25,4,51193
9,25,5,51263
9,25,6,51333
9,25,7,66489
9,25,8,65371
9,25,9,65790
9,25,10,66698
9,25,11,65790
9,25,12,81155
9,25,13,81295
9,25,14,65999
9,25,15,80876
9,25,16,80876
9,25,17,80526
9,25,18,80178
9,25,19,79828
9,25,20,80596
9,26,0,20673
9,26,1,37085
9,26,2,37225
9,26,3,52241
9,26,4,53079
9,26,5,53009
9,26,6,52450
9,26,7,68933
9,26,8,68234
9,26,9,66907
9,26,10,68235
9,26,11,68583
9,26,12,82412
9,26,13,83529
9,26,14,82901
9,26,15,85416
9,26,16,81993
9,26,17,83879
9,26,18,83739
9,26,19,83809
9,26,20,83738
9,27,0,21371
9,27,1,38552
9,27,2,38064
9,27,3,55034
9,27,4,55663
9,27,5,54545
9,27,6,54476
9,27,7,71098
9,27,8,69561
9,27,9,70330
9,27,10,70818
9,27,11,70539
9,27,12,71378
9,27,13,86043
9,27,14,70958
9,27,15,85555
9,27,16,85415
9,27,17,85275
9,27,18,85974
9,27,19,86393
9,27,20,86183
9,28,0,21999
9,28,1,39809
9,28,2,39041
9,28,3,56431
9,28,4,55593
9,28,5,55453
9,28,6,55802
9,28,7,71796
9,28,8,71726
9,28,9,72774
9,28,10,73123
9,28,11,72913
9,28,12,73053
9,28,13,88627
9,28,14,73402
9,28,15,89116
9,28,16,88488
9,28,17,88767
9,28,18,88698
9,28,19,105041
9,28,20,88139
9,29,0,22349
9,29,1,40368
9,29,2,40368
9,29,3,58107
9,29,4,57130
9,29,5,58666
9,29,6,58456
9,29,7,76266
9,29,8,74659
9,29,9,73682
9,29,10,75637
9,29,11,75288
9,29,12,74729
9,29,13,92399
9,29,14,76266
9,29,15,92189
9,29,16,92749
9,29,17,91073
9,29,18,92119
9,29,19,92260
9,29,20,90862
9,30,0,22768
9,30,1,41904
9,30,2,41345
9,30,3,59854
9,30,4,59015
9,30,5,59225
9,30,6,58876
9,30,7,76965
9,30,8,77174
9,30,9,76895
9,30,10,76266
9,30,11,77454
9,30,12,93935
9,30,13,94913
9,30,14,94704
9,30,15,93866
9,30,16,95053
9,30,17,94215
9,30,18,94634
9,30,19,93377
9,30,20,94495
10,10,0,12502
10,10,1,25771
10,10,2,30450
10,10,3,39041
10,10,4,37993
10,10,5,38482
10,10,6,65510
10,10,7,28215
10,10,8,50844
10,10,9,37644
10,10,10,34362
10,10,11,41974
10,10,12,64393
10,10,13,34711
10,10,14,42183
10,10,15,83599
10,10,16,67466
10,10,17,63694
10,10,18,42393
10,10,19,74869
10,10,20,41834
10,11,0,12990
10,11,1,21301
10,11,2,27168
10,11,3,40507
10,11,4,29822
10,11,5,40088
10,11,6,36945
10,11,7,54475
10,11,8,53986
10,11,9,53917
10,11,10,37086
10,11,11,90164
10,11,12,44489
10,11,13,90513
10,11,14,55454
10,11,15,53987
10,11,16,67815
10,11,17,44489
10,11,18,44559
10,11,19,69911
10,11,20,70190
10,12,0,13340
10,12,1,22210
10,12,2,22419
10,12,3,43929
10,12,4,43021
10,12,5,39809
10,12,6,39459
10,12,7,39460
10,12,8,57549
10,12,9,58316
10,12,10,39879
10,12,11,72634
10,12,12,48469
10,12,13,39181
10,12,14,47561
10,12,15,47701
10,12,16,47771
10,12,17,48190
10,12,18,96729
10,12,19,55663
10,12,20,72006
10,13,0,14177
10,13,1,23885
10,13,2,23397
10,13,3,58596
10,13,4,45466
10,13,5,32545
10,13,6,42672
10,13,7,41555
10,13,8,61949
10,13,9,42743
10,13,10,41974
10,13,11,61879
10,13,12,42114
10,13,13,51193
10,13,14,79270
10,13,15,76545
10,13,16,76895
10,13,17,77104
10,13,18,50914
10,13,19,61809
10,13,20,92538
10,14,0,14178
10,14,1,24864
10,14,2,24863
10,14,3,48609
10,14,4,34990
10,14,5,34780
10,14,6,34361
10,14,7,43721
10,14,8,44278
10,14,9,44000
10,14,10,65510
10,14,11,65371
10,14,12,43930
10,14,13,44418
10,14,14,52869
10,14,15,53847
10,14,16,53987
10,14,17,53079
10,14,18,53847
10,14,19,53847
10,14,20,64044
10,15,0,15156
10,15,1,26609
10,15,2,25702
10,15,3,51263
10,15,4,36317
10,15,5,36317
10,15,6,37225
10,15,7,46165
10,15,8,46864
10,15,9,46095
10,15,10,46723
10,15,11,46235
10,15,12,91142
10,15,13,46723
10,15,14,56361
10,15,15,57130
10,15,16,56781
10,15,17,57269
10,15,18,57549
10,15,19,56990
10,15,20,66278
10,16,0,15644
10,16,1,27517
10,16,2,27377
10,16,3,38622
10,16,4,38552
10,16,5,48959
10,16,6,48748
10,16,7,72773
10,16,8,49098
10,16,9,50006
10,16,10,49587
10,16,11,59854
10,16,12,49796
10,16,13,59295
10,16,14,59574
10,16,15,59504
10,16,16,60413
10,16,17,59714
10,16,18,61390
10,16,19,60343
10,16,20,60133
10,17,0,16273
10,17,1,28425
10,17,2,28774
10,17,3,40438
10,17,4,40577
10,17,5,40438
10,17,6,51333
10,17,7,52380
10,17,8,52520
10,17,9,51752
10,17,10,51193
10,17,11,51333
10,17,12,62856
10,17,13,76685
10,17,14,63067
10,17,15,63206
10,17,16,62926
10,17,17,63416
10,17,18,63275
10,17,19,62647
10,17,20,62577
10,18,0,16902
10,18,1,29891
10,18,2,29822
10,18,3,42602
10,18,4,42533
10,18,5,42044
10,18,6,42533
10,18,7,55105
10,18,8,53359
10,18,9,54825
10,18,10,53847
10,18,11,53917
10,18,12,66349
10,18,13,65860
10,18,14,66139
10,18,15,65790
10,18,16,66069
10,18,17,65301
10,18,18,64393
10,18,19,66628
10,18,20,65091
10,19,0,17460
10,19,1,39250
10,19,2,30940
10,19,3,44558
10,19,4,43581
10,19,5,43441
10,19,6,43790
10,19,7,56222
10,19,8,56152
10,19,9,57409
10,19,10,56571
10,19,11,69422
10,19,12,67955
10,19,13,69212
10,19,14,69142
10,19,15,68374
10,19,16,69212
10,19,17,68234
10,19,18,68933
10,19,19,68863
10,19,20,81783
10,20,0,18019
10,20,1,32266
10,20,2,31918
10,20,3,45955
10,20,4,46374
10,20,5,45746
10,20,6,45815
10,20,7,59225
10,20,8,59295
10,20,9,59015
10,20,10,58805
10,20,11,72005
10,20,12,71936
10,20,13,71726
10,20,14,73123
10,20,15,71447
10,20,16,110977
10,20,17,72424
10,20,18,71587
10,20,19,71517
10,20,20,72145
10,21,0,18299
10,21,1,33523
10,21,2,33174
10,21,3,46933
10,21,4,47492
10,21,5,47421
10,21,6,47561
10,21,7,47212
10,21,8,62158
10,21,9,60692
10,21,10,61460
10,21,11,61599
10,21,12,60482
10,21,13,73821
10,21,14,59853
10,21,15,75149
10,21,16,75498
10,21,17,76895
10,21,18,73613
10,21,19,75078
10,21,20,75218
10,22,0,18857
10,22,1,34850
10,22,2,34571
10,22,3,49517
10,22,4,49377
10,22,5,49726
10,22,6,49308
10,22,7,64184
10,22,8,62647
10,22,9,63485
10,22,10,63834
10,22,11,77803
10,22,12,77732
10,22,13,78292
10,22,14,77942
10,22,15,77942
10,22,16,76266
10,22,17,76755
10,22,18,78082
10,22,19,77453
10,22,20,91491
10,23,0,19486
10,23,1,35339
10,23,2,35758
10,23,3,50775
10,23,4,49936
10,23,5,50775
10,23,6,51123
10,23,7,65161
10,23,8,64951
10,23,9,65651
10,23,10,65790
10,23,11,80597
10,23,12,80247
10,23,13,65232
10,23,14,65161
10,23,15,81085
10,23,16,80805
10,23,17,80177
10,23,18,80596
10,23,19,79967
10,23,20,80736
10,24,0,20184
10,24,1,37015
10,24,2,36806
10,24,3,53218
10,24,4,53358
10,24,5,52939
10,24,6,52660
10,24,7,69212
10,24,8,67885
10,24,9,68584
10,24,10,68443
10,24,11,82971
10,24,12,83040
10,24,13,82901
10,24,14,68514
10,24,15,84298
10,24,16,84019
10,24,17,83250
10,24,18,83250
10,24,19,84227
10,24,20,84368
10,25,0,20603
10,25,1,37993
10,25,2,37295
10,25,3,54546
10,25,4,54755
10,25,5,54825
10,25,6,54964
10,25,7,70888
10,25,8,71098
10,25,9,69980
10,25,10,69701
10,25,11,86532
10,25,12,70889
10,25,13,70749
10,25,14,70749
10,25,15,87021
10,25,16,85973
10,25,17,87650
10,25,18,85485
10,25,19,84298
10,25,20,87022
10,26,0,21092
10,26,1,39739
10,26,2,38832
10,26,3,56362
10,26,4,54685
10,26,5,56501
10,26,6,55384
10,26,7,74380
10,26,8,73542
10,26,9,72984
10,26,10,109371
10,26,11,73542
10,26,12,71936
10,26,13,90094
10,26,14,73962
10,26,15,90444
10,26,16,89606
10,26,17,88976
10,26,18,89536
10,26,19,106367
10,26,20,88069
10,27,0,21442
10,27,1,40438
10,27,2,39949
10,27,3,58736
10,27,4,56780
10,27,5,57898
10,27,6,57688
10,27,7,74660
10,27,8,74660
10,27,9,75428
10,27,10,74450
10,27,11,93307
10,27,12,92469
10,27,13,91631
10,27,14,74869
10,27,15,91562
10,27,16,91282
10,27,17,92120
10,27,18,90793
10,27,19,92399
10,27,20,91631
10,28,0,22139
10,28,1,41974
10,28,2,40787
10,28,3,59853
10,28,4,59853
10,28,5,59295
10,28,6,59994
10,28,7,78012
10,28,8,77872
10,28,9,78012
10,28,10,76615
10,28,11,77523
10,28,12,94495
10,28,13,96450
10,28,14,95891
10,28,15,95751
10,28,16,94843
10,28,17,95472
10,28,18,94914
10,28,19,95682
10,28,20,95472
10,29,0,22977
10,29,1,42323
10,29,2,41695
10,29,3,61250
10,29,4,60831
10,29,5,61040
10,29,6,61180
10,29,7,80107
10,29,8,79409
10,29,9,79060
10,29,10,79270
10,29,11,79758
10,29,12,80107
10,29,13,98615
10,29,14,78990
10,29,15,97987
10,29,16,98685
10,29,17,98057
10,29,18,97916
10,29,19,97777
10,29,20,97288
10,30,0,23466
10,30,1,44279
10,30,2,43301
10,30,3,63695
10,30,4,62437
10,30,5,62368
10,30,6,62368
10,30,7,81993
10,30,8,81574
10,30,9,82342
10,30,10,82273
10,30,11,101269
10,30,12,82691
10,30,13,101967
10,30,14,100291
10,30,15,101478
10,30,16,99244
10,30,17,100920
10,30,18,100989
10,30,19,101828
10,30,20,101269
11,11,0,13060
11,11,1,22558
11,11,2,28425
11,11,3,43930
11,11,4,42743
11,11,5,42952
11,11,6,31009
11,11,7,78850
11,11,8,58457
11,11,9,77314
11,11,10,57758
11,11,11,74380
11,11,12,72494
11,11,13,72564
11,11,14,47980
11,11,15,97427
11,11,16,97568
11,11,17,47282
11,11,18,74939
11,11,19,100012
11,11,20,47631
11,12,0,13758
11,12,1,23606
11,12,2,23327
11,12,3,58945
11,12,4,32755
11,12,5,101898
11,12,6,32965
11,12,7,81783
11,12,8,42183
11,12,9,62298
11,12,10,62368
11,12,11,78012
11,12,12,50076
11,12,13,50285
11,12,14,51473
11,12,15,51612
11,12,16,78362
11,12,17,78850
11,12,18,76685
11,12,19,78850
11,12,20,82342
11,13,0,14248
11,13,1,32057
11,13,2,24654
11,13,3,38412
11,13,4,34781
11,13,5,44558
11,13,6,66628
11,13,7,87650
11,13,8,44558
11,13,9,44837
11,13,10,43790
11,13,11,65371
11,13,12,44419
11,13,13,54336
11,13,14,44488
11,13,15,54755
11,13,16,53358
11,13,17,82481
11,13,18,54196
11,13,19,53987
11,13,20,82412
11,14,0,14876
11,14,1,26539
11,14,2,26120
11,14,3,52241
11,14,4,36666
11,14,5,52101
11,14,6,47352
11,14,7,47003
11,14,8,47142
11,14,9,46933
11,14,10,47213
11,14,11,69701
11,14,12,57619
11,14,13,57479
11,14,14,56850
11,14,15,57199
11,14,16,88069
11,14,17,57199
11,14,18,87929
11,14,19,56920
11,14,20,106507
11,15,0,15504
11,15,1,27377
11,15,2,27028
11,15,3,38133
11,15,4,38063
11,15,5,50075
11,15,6,37714
11,15,7,50215
11,15,8,98056
11,15,9,49726
11,15,10,124317
11,15,11,50355
11,15,12,59714
11,15,13,60482
11,15,14,60202
11,15,15,61320
11,15,16,94006
11,15,17,60412
11,15,18,93447
11,15,19,60971
11,15,20,71796
11,16,0,16133
11,16,1,28426
11,16,2,27867
11,16,3,40228
11,16,4,40159
11,16,5,40437
11,16,6,57967
11,16,7,52311
11,16,8,51821
11,16,9,53219
11,16,10,51752
11,16,11,98546
11,16,12,64044
11,16,13,97986
11,16,14,63625
11,16,15,63485
11,16,16,62228
11,16,17,63346
11,16,18,62647
11,16,19,64114
11,16,20,74380
11,17,0,16483
11,17,1,38971
11,17,2,29961
11,17,3,41904
11,17,4,60761
11,17,5,54476
11,17,6,42813
11,17,7,55174
11,17,8,55035
11,17,9,54755
11,17,10,81713
11,17,11,55174
11,17,12,54964
11,17,13,66908
11,17,14,102876
11,17,15,66768
11,17,16,67187
11,17,17,66558
11,17,18,67187
11,17,19,67257
11,17,20,103993
11,18,0,17320
11,18,1,30660
11,18,2,30521
11,18,3,44629
11,18,4,63834
11,18,5,86951
11,18,6,44977
11,18,7,43441
11,18,8,57130
11,18,9,57200
11,18,10,56152
11,18,11,70678
11,18,12,69352
11,18,13,70259
11,18,14,68863
11,18,15,109719
11,18,16,108742
11,18,17,69770
11,18,18,109230
11,18,19,82342
11,18,20,71168
11,19,0,17669
11,19,1,32197
11,19,2,32057
11,19,3,47003
11,19,4,45816
11,19,5,46235
11,19,6,46235
11,19,7,59853
11,19,8,60063
11,19,9,60273
11,19,10,60971
11,19,11,72704
11,19,12,60203
11,19,13,59783
11,19,14,74520
11,19,15,73124
11,19,16,73193
11,19,17,72984
11,19,18,72495
11,19,19,74381
11,19,20,73124
11,20,0,18508
11,20,1,33593
11,20,2,33383
11,20,3,47283
11,20,4,48539
11,20,5,47422
11,20,6,48400
11,20,7,62019
11,20,8,63415
11,20,9,63275
11,20,10,62158
11,20,11,77034
11,20,12,76894
11,20,13,63275
11,20,14,77104
11,20,15,77314
11,20,16,76894
11,20,17,77383
11,20,18,76336
11,20,19,90653
11,20,20,76336
11,21,0,18717
11,21,1,34920
11,21,2,34640
11,21,3,50355
11,21,4,50914
11,21,5,50565
11,21,6,48958
11,21,7,65929
11,21,8,63974
11,21,9,99244
11,21,10,64253
11,21,11,65440
11,21,12,65162
11,21,13,79130
11,21,14,79060
11,21,15,79199
11,21,16,80247
11,21,17,79689
11,21,18,78850
11,21,19,80456
11,21,20,93587
11,22,0,19207
11,22,1,35967
11,22,2,36038
11,22,3,52241
11,22,4,51891
11,22,5,52031
11,22,6,66768
11,22,7,68444
11,22,8,67186
11,22,9,66419
11,22,10,67117
11,22,11,82552
11,22,12,67466
11,22,13,82412
11,22,14,81923
11,22,15,83948
11,22,16,83599
11,22,17,83180
11,22,18,84018
11,22,19,84018
11,22,20,81573
11,23,0,19975
11,23,1,37295
11,23,2,37365
11,23,3,53219
11,23,4,53149
11,23,5,53568
11,23,6,53568
11,23,7,70050
11,23,8,69072
11,23,9,70120
11,23,10,69980
11,23,11,85973
11,23,12,85625
11,23,13,84927
11,23,14,69491
11,23,15,85834
11,23,16,84647
11,23,17,85625
11,23,18,85695
11,23,19,85485
11,23,20,84437
11,24,0,20533
11,24,1,38831
11,24,2,38552
11,24,3,55803
11,24,4,55314
11,24,5,55174
11,24,6,55244
11,24,7,72495
11,24,8,72285
11,24,9,72076
11,24,10,72425
11,24,11,89815
11,24,12,87789
11,24,13,88069
11,24,14,89257
11,24,15,88139
11,24,16,89676
11,24,17,88767
11,24,18,88279
11,24,19,87510
11,24,20,104552
11,25,0,21162
11,25,1,40158
11,25,2,39740
11,25,3,58248
11,25,4,56920
11,25,5,57200
11,25,6,57478
11,25,7,75288
11,25,8,56850
11,25,9,74799
11,25,10,74869
11,25,11,76266
11,25,12,91072
11,25,13,92749
11,25,14,94285
11,25,15,92189
11,25,16,91003
11,25,17,92539
11,25,18,91700
11,25,19,93656
11,25,20,91562
11,26,0,21511
11,26,1,40857
11,26,2,40438
11,26,3,60063
11,26,4,59225
11,26,5,59504
11,26,6,58457
11,26,7,77035
11,26,8,77942
11,26,9,76825
11,26,10,77733
11,26,11,77384
11,26,12,77733
11,26,13,95333
11,26,14,77174
11,26,15,95542
11,26,16,94914
11,26,17,93726
11,26,18,94355
11,26,19,95681
11,26,20,96519
11,27,0,22000
11,27,1,42393
11,27,2,42323
11,27,3,62507
11,27,4,62437
11,27,5,61390
11,27,6,60621
11,27,7,79549
11,27,8,79059
11,27,9,80178
11,27,10,80247
11,27,11,98406
11,27,12,80177
11,27,13,79619
11,27,14,79129
11,27,15,98266
11,27,16,98965
11,27,17,99732
11,27,18,99104
11,27,19,116075
11,27,20,99034
11,28,0,22280
11,28,1,43440
11,28,2,43301
11,28,3,63695
11,28,4,62997
11,28,5,62996
11,28,6,62787
11,28,7,83180
11,28,8,81923
11,28,9,82551
11,28,10,83390
11,28,11,102595
11,28,12,83180
11,28,13,101828
11,28,14,82203
11,28,15,101548
11,28,16,102526
11,28,17,101827
11,28,18,99872
11,28,19,101968
11,28,20,101060
11,29,0,23117
11,29,1,45257
11,29,2,43651
11,29,3,65091
11,29,4,65301
11,29,5,65231
11,29,6,65091
11,29,7,84507
11,29,8,84716
11,29,9,85275
11,29,10,84019
11,29,11,106367
11,29,12,104691
11,29,13,104761
11,29,14,84577
11,29,15,86183
11,29,16,105529
11,29,17,103574
11,29,18,103783
11,29,19,104831
11,29,20,106786
11,30,0,23397
11,30,1,46444
11,30,2,45606
11,30,3,66908
11,30,4,68933
11,30,5,66977
11,30,6,88418
11,30,7,87231
11,30,8,87161
11,30,9,87301
11,30,10,86882
11,30,11,87580
11,30,12,88069
11,30,13,87999
11,30,14,86672
11,30,15,107974
11,30,16,108183
11,30,17,106158
11,30,18,107345
11,30,19,108881
11,30,20,108392
12,12,0,14038
12,12,1,38482
12,12,2,32196
12,12,3,34571
12,12,4,65091
12,12,5,66209
12,12,6,63136
12,12,7,87510
12,12,8,87161
12,12,9,89396
12,12,10,65371
12,12,11,44489
12,12,12,89047
12,12,13,87860
12,12,14,82831
12,12,15,82482
12,12,16,111955
12,12,17,111815
12,12,18,82551
12,12,19,82203
12,12,20,98895
12,13,0,14317
12,13,1,33454
12,13,2,33733
12,13,3,52171
12,13,4,36317
12,13,5,52310
12,13,6,69561
12,13,7,92679
12,13,8,93167
12,13,9,70050
12,13,10,70749
12,13,11,70259
12,13,12,72145
12,13,13,94075
12,13,14,120405
12,13,15,70609
12,13,16,56780
12,13,17,88348
12,13,18,56082
12,13,19,87999
12,13,20,119148
12,14,0,15156
12,14,1,26679
12,14,2,27308
12,14,3,27029
12,14,4,38831
12,14,5,55523
12,14,6,55034
12,14,7,49447
12,14,8,99454
12,14,9,49098
12,14,10,60691
12,14,11,125084
12,14,12,60063
12,14,13,93377
12,14,14,61320
12,14,15,96799
12,14,16,60901
12,14,17,64253
12,14,18,94634
12,14,19,71377
12,14,20,96520
12,15,0,15854
12,15,1,28216
12,15,2,28565
12,15,3,40856
12,15,4,40926
12,15,5,58527
12,15,6,58317
12,15,7,79269
12,15,8,105040
12,15,9,78920
12,15,10,78571
12,15,11,99034
12,15,12,63485
12,15,13,97288
12,15,14,51961
12,15,15,64184
12,15,16,99313
12,15,17,64043
12,15,18,100571
12,15,19,163427
12,15,20,133745
12,16,0,15923
12,16,1,29752
12,16,2,29683
12,16,3,43022
12,16,4,41485
12,16,5,60621
12,16,6,43022
12,16,7,83808
12,16,8,54336
12,16,9,56222
12,16,10,82692
12,16,11,54755
12,16,12,55593
12,16,13,55034
12,16,14,66209
12,16,15,67397
12,16,16,106647
12,16,17,66488
12,16,18,67326
12,16,19,67396
12,16,20,68164
12,17,0,17111
12,17,1,41067
12,17,2,31568
12,17,3,44977
12,17,4,45466
12,17,5,44558
12,17,6,57339
12,17,7,57619
12,17,8,58037
12,17,9,56920
12,17,10,87860
12,17,11,111047
12,17,12,70609
12,17,13,57200
12,17,14,87092
12,17,15,70399
12,17,16,70190
12,17,17,70470
12,17,18,149878
12,17,19,70749
12,17,20,71167
12,18,0,17599
12,18,1,31917
12,18,2,32965
12,18,3,67816
12,18,4,46164
12,18,5,47072
12,18,6,60063
12,18,7,60063
12,18,8,60762
12,18,9,60901
12,18,10,61181
12,18,11,59854
12,18,12,73262
12,18,13,73472
12,18,14,75638
12,18,15,74170
12,18,16,157770
12,18,17,116145
12,18,18,74729
12,18,19,116703
12,18,20,88977
12,19,0,18159
12,19,1,33593
12,19,2,33244
12,19,3,49447
12,19,4,49517
12,19,5,70469
12,19,6,70329
12,19,7,63415
12,19,8,63835
12,19,9,64463
12,19,10,63136
12,19,11,64184
12,19,12,63555
12,19,13,76824
12,19,14,77034
12,19,15,77872
12,19,16,78780
12,19,17,78152
12,19,18,77313
12,19,19,78221
12,19,20,77453
12,20,0,18577
12,20,1,46583
12,20,2,46095
12,20,3,50914
12,20,4,51473
12,20,5,66488
12,20,6,64672
12,20,7,65161
12,20,8,64882
12,20,9,65231
12,20,10,65651
12,20,11,65999
12,20,12,81364
12,20,13,81504
12,20,14,81225
12,20,15,126831
12,20,16,81225
12,20,17,80735
12,20,18,81504
12,20,19,81015
12,20,20,94844
12,21,0,19276
12,21,1,36038
12,21,2,36108
12,21,3,52939
12,21,4,52730
12,21,5,53079
12,21,6,68444
12,21,7,68862
12,21,8,68164
12,21,9,69492
12,21,10,67675
12,21,11,84088
12,21,12,85485
12,21,13,83808
12,21,14,84088
12,21,15,84297
12,21,16,85904
12,21,17,84508
12,21,18,132767
12,21,19,83739
12,21,20,83879
12,22,0,19555
12,22,1,37155
12,22,2,37644
12,22,3,54964
12,22,4,53917
12,22,5,54964
12,22,6,70888
12,22,7,72075
12,22,8,71377
12,22,9,70609
12,22,10,70609
12,22,11,70749
12,22,12,72565
12,22,13,87092
12,22,14,86602
12,22,15,86672
12,22,16,87929
12,22,17,88697
12,22,18,87859
12,22,19,138983
12,22,20,87720
12,23,0,20672
12,23,1,39180
12,23,2,38621
12,23,3,57060
12,23,4,56571
12,23,5,56780
12,23,6,56920
12,23,7,73612
12,23,8,73123
12,23,9,73193
12,23,10,74800
12,23,11,91212
12,23,12,91841
12,23,13,90793
12,23,14,92190
12,23,15,90932
12,23,16,91142
12,23,17,93726
12,23,18,92608
12,23,19,91422
12,23,20,91002
12,24,0,20673
12,24,1,40578
12,24,2,39670
12,24,3,58806
12,24,4,57968
12,24,5,59364
12,24,6,58666
12,24,7,76475
12,24,8,117681
12,24,9,76196
12,24,10,76406
12,24,11,76266
12,24,12,94005
12,24,13,77314
12,24,14,94635
12,24,15,147573
12,24,16,93657
12,24,17,94355
12,24,18,94844
12,24,19,112374
12,24,20,112862
12,25,0,21301
12,25,1,41275
12,25,2,41276
12,25,3,60692
12,25,4,61040
12,25,5,88208
12,25,6,59714
12,25,7,80037
12,25,8,79269
12,25,9,79060
12,25,10,78850
12,25,11,80038
12,25,12,99104
12,25,13,98056
12,25,14,153230
12,25,15,97986
12,25,16,98266
12,25,17,98126
12,25,18,96729
12,25,19,97568
12,25,20,97846
12,26,0,21581
12,26,1,42952
12,26,2,42952
12,26,3,62927
12,26,4,61879
12,26,5,62786
12,26,6,62577
12,26,7,82691
12,26,8,81784
12,26,9,82342
12,26,10,81923
12,26,11,82482
12,26,12,81364
12,26,13,100919
12,26,14,82622
12,26,15,102526
12,26,16,100501
12,26,17,100570
12,26,18,100431
12,26,19,120056
12,26,20,100500
12,27,0,22349
12,27,1,43440
12,27,2,43371
12,27,3,64743
12,27,4,64951
12,27,5,95122
12,27,6,63555
12,27,7,85625
12,27,8,84088
12,27,9,84298
12,27,10,83530
12,27,11,85485
12,27,12,104342
12,27,13,85485
12,27,14,103922
12,27,15,104971
12,27,16,103154
12,27,17,105738
12,27,18,104901
12,27,19,103784
12,27,20,104552
12,28,0,22628
12,28,1,45675
12,28,2,44488
12,28,3,66837
12,28,4,66488
12,28,5,67676
12,28,6,65860
12,28,7,87371
12,28,8,87021
12,28,9,87441
12,28,10,86463
12,28,11,108812
12,28,12,106926
12,28,13,87161
12,28,14,109720
12,28,15,107345
12,28,16,107834
12,28,17,109789
12,28,18,107694
12,28,19,108672
12,28,20,108253
12,29,0,23536
12,29,1,46304
12,29,2,46584
12,29,3,67955
12,29,4,68793
12,29,5,67885
12,29,6,68234
12,29,7,138284
12,29,8,90234
12,29,9,91351
12,29,10,88977
12,29,11,89815
12,29,12,111116
12,29,13,90443
12,29,14,110418
12,29,15,112863
12,29,16,111535
12,29,17,111605
12,29,18,110418
12,29,19,110208
12,29,20,132278
12,30,0,24235
12,30,1,47841
12,30,2,47632
12,30,3,72495
12,30,4,69631
12,30,5,70958
12,30,6,70818
12,30,7,92469
12,30,8,91142
12,30,9,94425
12,30,10,92329
12,30,11,92539
12,30,12,93027
12,30,13,113282
12,30,14,92190
12,30,15,115936
12,30,16,113910
12,30,17,113770
12,30,18,115795
12,30,19,115027
12,30,20,114119
13,13,0,14596
13,13,1,35409
13,13,2,43232
13,13,3,56152
13,13,4,72285
13,13,5,38832
13,13,6,98755
13,13,7,98615
13,13,8,74381
13,13,9,99523
13,13,10,104202
13,13,11,74589
13,13,12,93168
13,13,13,157980
13,13,14,161472
13,13,15,125503
13,13,16,93516
13,13,17,95891
13,13,18,59365
13,13,19,94006
13,13,20,71586
13,14,0,15435
13,14,1,36666
13,14,2,36946
13,14,3,58037
13,14,4,58177
13,14,5,52101
13,14,6,57828
13,14,7,52032
13,14,8,103574
13,14,9,80805
13,14,10,103713
13,14,11,63485
13,14,12,136888
13,14,13,65091
13,14,14,107834
13,14,15,134443
13,14,16,100011
13,14,17,98685
13,14,18,99523
13,14,19,62717
13,14,20,164056
13,15,0,15575
13,15,1,38901
13,15,2,29473
13,15,3,80387
13,15,4,63136
13,15,5,83739
13,15,6,83250
13,15,7,55313
13,15,8,82901
13,15,9,55943
13,15,10,112932
13,15,11,67256
13,15,12,55802
13,15,13,104761
13,15,14,67746
13,15,15,105180
13,15,16,66907
13,15,17,105599
13,15,18,143104
13,15,19,107415
13,15,20,174671
13,16,0,16761
13,16,1,40578
13,16,2,41136
13,16,3,44628
13,16,4,46374
13,16,5,107694
13,16,6,46444
13,16,7,60133
13,16,8,90653
13,16,9,90723
13,16,10,60762
13,16,11,121732
13,16,12,73752
13,16,13,116145
13,16,14,72704
13,16,15,72843
13,16,16,114189
13,16,17,73333
13,16,18,113630
13,16,19,187592
13,16,20,115447
13,17,0,17879
13,17,1,32615
13,17,2,32965
13,17,3,68583
13,17,4,46933
13,17,5,60273
13,17,6,47562
13,17,7,61600
13,17,8,93866
13,17,9,61530
13,17,10,125084
13,17,11,75149
13,17,12,76545
13,17,13,61041
13,17,14,75149
13,17,15,75428
13,17,16,73263
13,17,17,116774
13,17,18,118310
13,17,19,75428
13,17,20,116075
13,18,0,17669
13,18,1,33453
13,18,2,33733
13,18,3,93377
13,18,4,49237
13,18,5,48958
13,18,6,48749
13,18,7,64743
13,18,8,98195
13,18,9,65510
13,18,10,96240
13,18,11,63764
13,18,12,79059
13,18,13,77872
13,18,14,65510
13,18,15,78640
13,18,16,124037
13,18,17,77733
13,18,18,122780
13,18,19,167967
13,18,20,148202
13,19,0,18229
13,19,1,35479
13,19,2,35689
13,19,3,75009
13,19,4,51123
13,19,5,75288
13,19,6,75777
13,19,7,67675
13,19,8,102806
13,19,9,66209
13,19,10,67187
13,19,11,83459
13,19,12,102316
13,19,13,82063
13,19,14,82901
13,19,15,83390
13,19,16,81923
13,19,17,82063
13,19,18,127599
13,19,19,96519
13,19,20,83949
13,20,0,18787
13,20,1,36457
13,20,2,36037
13,20,3,52869
13,20,4,53986
13,20,5,52241
13,20,6,76825
13,20,7,70120
13,20,8,108183
13,20,9,70260
13,20,10,68932
13,20,11,69212
13,20,12,86812
13,20,13,70888
13,20,14,86533
13,20,15,87510
13,20,16,86952
13,20,17,84647
13,20,18,85834
13,20,19,85834
13,20,20,87091
13,21,0,19625
13,21,1,37574
13,21,2,36876
13,21,3,55384
13,21,4,55943
13,21,5,55244
13,21,6,110418
13,21,7,72494
13,21,8,72844
13,21,9,72565
13,21,10,73751
13,21,11,72704
13,21,12,73472
13,21,13,139123
13,21,14,88837
13,21,15,90723
13,21,16,141567
13,21,17,90094
13,21,18,139891
13,21,19,87790
13,21,20,88698
13,22,0,20114
13,22,1,38831
13,22,2,38622
13,22,3,85345
13,22,4,57688
13,22,5,57339
13,22,6,57968
13,22,7,77732
13,22,8,75358
13,22,9,76685
13,22,10,76824
13,22,11,75987
13,22,12,92819
13,22,13,74729
13,22,14,91980
13,22,15,92749
13,22,16,93377
13,22,17,92958
13,22,18,94425
13,22,19,92330
13,22,20,94075
13,23,0,20534
13,23,1,54685
13,23,2,40088
13,23,3,60203
13,23,4,59295
13,23,5,59714
13,23,6,59295
13,23,7,78222
13,23,8,119079
13,23,9,79827
13,23,10,77732
13,23,11,78501
13,23,12,121104
13,23,13,76824
13,23,14,77523
13,23,15,78151
13,23,16,97358
13,23,17,95333
13,23,18,95193
13,23,19,96310
13,23,20,151833
13,24,0,21162
13,24,1,42323
13,24,2,42533
13,24,3,61460
13,24,4,61739
13,24,5,61949
13,24,6,61739
13,24,7,81434
13,24,8,81085
13,24,9,82273
13,24,10,80387
13,24,11,101129
13,24,12,99314
13,24,13,80945
13,24,14,82412
13,24,15,80806
13,24,16,99872
13,24,17,100640
13,24,18,98755
13,24,19,99522
13,24,20,157351
13,25,0,21441
13,25,1,43441
13,25,2,43022
13,25,3,64253
13,25,4,63835
13,25,5,63485
13,25,6,93516
13,25,7,84297
13,25,8,84717
13,25,9,82481
13,25,10,81574
13,25,11,105040
13,25,12,84228
13,25,13,105320
13,25,14,102945
13,25,15,102805
13,25,16,103434
13,25,17,102736
13,25,18,102945
13,25,19,103434
13,25,20,104901
13,26,0,21930
13,26,1,44977
13,26,2,44628
13,26,3,65999
13,26,4,67047
13,26,5,66139
13,26,6,96659
13,26,7,86881
13,26,8,135211
13,26,9,85205
13,26,10,86672
13,26,11,88837
13,26,12,105948
13,26,13,107834
13,26,14,108393
13,26,15,109231
13,26,16,109510
13,26,17,105319
13,26,18,107415
13,26,19,108253
13,26,20,127390
13,27,0,22558
13,27,1,46234
13,27,2,46095
13,27,3,66977
13,27,4,68165
13,27,5,67186
13,27,6,66418
13,27,7,89815
13,27,8,138843
13,27,9,89466
13,27,10,90095
13,27,11,111815
13,27,12,87999
13,27,13,109999
13,27,14,138355
13,27,15,111326
13,27,16,110139
13,27,17,111465
13,27,18,109860
13,27,19,111186
13,27,20,133536
13,28,0,23187
13,28,1,47561
13,28,2,47910
13,28,3,70329
13,28,4,70469
13,28,5,70609
13,28,6,68304
13,28,7,93656
13,28,8,92120
13,28,9,91072
13,28,10,90234
13,28,11,91352
13,28,12,92749
13,28,13,93586
13,28,14,114189
13,28,15,116005
13,28,16,112793
13,28,17,115936
13,28,18,182703
13,28,19,113002
13,28,20,116634
13,29,0,23676
13,29,1,48679
13,29,2,49098
13,29,3,72634
13,29,4,71167
13,29,5,71516
13,29,6,70609
13,29,7,96729
13,29,8,97358
13,29,9,99523
13,29,10,98195
13,29,11,95262
13,29,12,100361
13,29,13,97777
13,29,14,97218
13,29,15,122710
13,29,16,118659
13,29,17,119148
13,29,18,119078
13,29,19,118450
13,29,20,117333
13,30,0,24584
13,30,1,49727
13,30,2,50355
13,30,3,114958
13,30,4,75708
13,30,5,113560
13,30,6,76545
13,30,7,100710
13,30,8,101688
13,30,9,101409
13,30,10,100641
13,30,11,98126
13,30,12,98405
13,30,13,97846
13,30,14,119707
13,30,15,120964
13,30,16,122849
13,30,17,121383
13,30,18,121663
13,30,19,121523
13,30,20,124526
14,14,0,15644
14,14,1,48120
14,14,2,39460
14,14,3,81783
14,14,4,81923
14,14,5,100920
14,14,6,83529
14,14,7,55383
14,14,8,83460
14,14,9,116425
14,14,10,84507
14,14,11,113701
14,14,12,167757
14,14,13,67746
14,14,14,145827
14,14,15,178862
14,14,16,145478
14,14,17,104272
14,14,18,66278
14,14,19,143174
14,14,20,79200
14,15,0,16203
14,15,1,50774
14,15,2,51193
14,15,3,65301
14,15,4,64952
14,15,5,65511
14,15,6,58526
14,15,7,88838
14,15,8,88558
14,15,9,57129
14,15,10,117682
14,15,11,71377
14,15,12,89047
14,15,13,112233
14,15,14,71098
14,15,15,114260
14,15,16,194296
14,15,17,151484
14,15,18,113770
14,15,19,111675
14,15,20,111395
14,16,0,16343
14,16,1,53847
14,16,2,53358
14,16,3,47143
14,16,4,47143
14,16,5,68793
14,16,6,68723
14,16,7,93097
14,16,8,94424
14,16,9,92888
14,16,10,92609
14,16,11,92958
14,16,12,94774
14,16,13,75009
14,16,14,76057
14,16,15,61739
14,16,16,165034
14,16,17,75777
14,16,18,118380
14,16,19,74939
14,16,20,118031
14,17,0,17251
14,17,1,33943
14,17,2,33663
14,17,3,48748
14,17,4,71377
14,17,5,132278
14,17,6,64114
14,17,7,98824
14,17,8,64742
14,17,9,98685
14,17,10,64253
14,17,11,79548
14,17,12,170830
14,17,13,125015
14,17,14,126901
14,17,15,78989
14,17,16,127250
14,17,17,80876
14,17,18,124666
14,17,19,123827
14,17,20,175858
14,18,0,18298
14,18,1,35060
14,18,2,34781
14,18,3,51752
14,18,4,75359
14,18,5,122570
14,18,6,67327
14,18,7,139821
14,18,8,103085
14,18,9,67885
14,18,10,67257
14,18,11,82481
14,18,12,102736
14,18,13,82691
14,18,14,82412
14,18,15,83529
14,18,16,83180
14,18,17,178512
14,18,18,83739
14,18,19,130463
14,18,20,157840
14,19,0,18368
14,19,1,49307
14,19,2,36596
14,19,3,53289
14,19,4,54196
14,19,5,53778
14,19,6,144779
14,19,7,106926
14,19,8,146875
14,19,9,145338
14,19,10,70958
14,19,11,108812
14,19,12,186963
14,19,13,87091
14,19,14,70050
14,19,15,137237
14,19,16,136887
14,19,17,87510
14,19,18,87231
14,19,19,137795
14,19,20,164474
14,20,0,18787
14,20,1,51542
14,20,2,37924
14,20,3,83110
14,20,4,82482
14,20,5,81644
14,20,6,55663
14,20,7,74451
14,20,8,110837
14,20,9,74520
14,20,10,73542
14,20,11,112933
14,20,12,91631
14,20,13,89466
14,20,14,90025
14,20,15,91771
14,20,16,195414
14,20,17,142615
14,20,18,90793
14,20,19,173275
14,20,20,89605
14,21,0,19556
14,21,1,39670
14,21,2,39111
14,21,3,86393
14,21,4,57829
14,21,5,58108
14,21,6,58037
14,21,7,76266
14,21,8,77174
14,21,9,117402
14,21,10,76196
14,21,11,76824
14,21,12,77034
14,21,13,94634
14,21,14,93237
14,21,15,94704
14,21,16,94704
14,21,17,95891
14,21,18,95123
14,21,19,206379
14,21,20,148970
14,22,0,20324
14,22,1,55523
14,22,2,40228
14,22,3,61390
14,22,4,60552
14,22,5,60831
14,22,6,79339
14,22,7,78711
14,22,8,121872
14,22,9,80317
14,22,10,78431
14,22,11,99174
14,22,12,124247
14,22,13,99383
14,22,14,156164
14,22,15,124665
14,22,16,98196
14,22,17,99662
14,22,18,156233
14,22,19,99593
14,22,20,154907
14,23,0,20463
14,23,1,57339
14,23,2,41695
14,23,3,63276
14,23,4,62647
14,23,5,62088
14,23,6,62368
14,23,7,126551
14,23,8,128996
14,23,9,82342
14,23,10,82272
14,23,11,160913
14,23,12,82970
14,23,13,102945
14,23,14,101199
14,23,15,99942
14,23,16,102177
14,23,17,161542
14,23,18,160145
14,23,19,100501
14,23,20,101339
14,24,0,21231
14,24,1,43301
14,24,2,43790
14,24,3,65860
14,24,4,64672
14,24,5,95682
14,24,6,64742
14,24,7,84996
14,24,8,84927
14,24,9,83669
14,24,10,133116
14,24,11,106018
14,24,12,86043
14,24,13,105459
14,24,14,106577
14,24,15,105949
14,24,16,106786
14,24,17,167757
14,24,18,167827
14,24,19,106786
14,24,20,106646
14,25,0,21790
14,25,1,45815
14,25,2,45117
14,25,3,67326
14,25,4,65510
14,25,5,67047
14,25,6,66209
14,25,7,88977
14,25,8,137167
14,25,9,90234
14,25,10,89536
14,25,11,88907
14,25,12,88069
14,25,13,88767
14,25,14,88348
14,25,15,109370
14,25,16,110767
14,25,17,176558
14,25,18,109859
14,25,19,175090
14,25,20,129205
14,26,0,22140
14,26,1,46514
14,26,2,62437
14,26,3,69701
14,26,4,68584
14,26,5,68234
14,26,6,68793
14,26,7,68793
14,26,8,91841
14,26,9,91491
14,26,10,90444
14,26,11,114399
14,26,12,111606
14,26,13,115237
14,26,14,91701
14,26,15,113910
14,26,16,112932
14,26,17,113910
14,26,18,111396
14,26,19,113701
14,26,20,111954
14,27,0,22978
14,27,1,47840
14,27,2,48329
14,27,3,71866
14,27,4,72704
14,27,5,70609
14,27,6,70609
14,27,7,147573
14,27,8,95053
14,27,9,94843
14,27,10,91561
14,27,11,95262
14,27,12,93935
14,27,13,94354
14,27,14,94215
14,27,15,117402
14,27,16,117472
14,27,17,119008
14,27,18,118519
14,27,19,117262
14,27,20,138983
14,28,0,23396
14,28,1,49307
14,28,2,49726
14,28,3,72285
14,28,4,73403
14,28,5,73891
14,28,6,73682
14,28,7,97288
14,28,8,98545
14,28,9,98476
14,28,10,97567
14,28,11,122290
14,28,12,193948
14,28,13,119218
14,28,14,120405
14,28,15,97986
14,28,16,119008
14,28,17,121244
14,28,18,121034
14,28,19,121592
14,28,20,143593
14,29,0,24025
14,29,1,51123
14,29,2,51402
14,29,3,76895
14,29,4,75358
14,29,5,76964
14,29,6,76615
14,29,7,100710
14,29,8,101199
14,29,9,100012
14,29,10,100990
14,29,11,98755
14,29,12,100920
14,29,13,125713
14,29,14,126202
14,29,15,126272
14,29,16,124246
14,29,17,124176
14,29,18,126412
14,29,19,124945
14,29,20,127180
14,30,0,24375
14,30,1,52101
14,30,2,51263
14,30,3,77174
14,30,4,77313
14,30,5,77314
14,30,6,116494
14,30,7,103434
14,30,8,104481
14,30,9,103433
14,30,10,103504
14,30,11,104481
14,30,12,128507
14,30,13,128436
14,30,14,126551
14,30,15,205960
14,30,16,128436
14,30,17,128087
14,30,18,128926
14,30,19,126621
14,30,20,127110
15,15,0,16273
15,15,1,42882
15,15,2,42463
15,15,3,67885
15,15,4,90164
15,15,5,124875
15,15,6,126202
15,15,7,60621
15,15,8,124387
15,15,9,156234
15,15,10,124944
15,15,11,127459
15,15,12,117751
15,15,13,158119
15,15,14,74100
15,15,15,159656
15,15,16,162170
15,15,17,203865
15,15,18,119358
15,15,19,116983
15,15,20,207007
15,16,0,17042
15,16,1,33454
15,16,2,44489
15,16,3,95542
15,16,4,96519
15,16,5,71238
15,16,6,94425
15,16,7,131161
15,16,8,167408
15,16,9,64463
15,16,10,98475
15,16,11,125434
15,16,12,169922
15,16,13,124176
15,16,14,217623
15,16,15,221115
15,16,16,168944
15,16,17,125992
15,16,18,173274
15,16,19,123548
15,16,20,126691
15,17,0,17669
15,17,1,47421
15,17,2,47561
15,17,3,75567
15,17,4,75218
15,17,5,75498
15,17,6,103364
15,17,7,105948
15,17,8,107206
15,17,9,103294
15,17,10,67257
15,17,11,68793
15,17,12,81364
15,17,13,131300
15,17,14,133395
15,17,15,135421
15,17,16,131790
15,17,17,131230
15,17,18,131859
15,17,19,130322
15,17,20,84297
15,18,0,18089
15,18,1,36806
15,18,2,49797
15,18,3,54895
15,18,4,78990
15,18,5,54057
15,18,6,104202
15,18,7,109021
15,18,8,108253
15,18,9,71377
15,18,10,71447
15,18,11,71587
15,18,12,187243
15,18,13,139821
15,18,14,109161
15,18,15,87231
15,18,16,138075
15,18,17,137795
15,18,18,138703
15,18,19,166430
15,18,20,139541
15,19,0,18927
15,19,1,51263
15,19,2,38273
15,19,3,56850
15,19,4,83041
15,19,5,56711
15,19,6,83110
15,19,7,114958
15,19,8,113351
15,19,9,113003
15,19,10,152322
15,19,11,145618
15,19,12,92539
15,19,13,116005
15,19,14,144221
15,19,15,154347
15,19,16,147853
15,19,17,145618
15,19,18,94006
15,19,19,90304
15,19,20,150017
15,20,0,19415
15,20,1,53847
15,20,2,53986
15,20,3,58597
15,20,4,58806
15,20,5,59295
15,20,6,59225
15,20,7,76056
15,20,8,77942
15,20,9,120824
15,20,10,117262
15,20,11,77873
15,20,12,162379
15,20,13,78571
15,20,14,150506
15,20,15,96310
15,20,16,151694
15,20,17,206518
15,20,18,95402
15,20,19,93726
15,20,20,95542
15,21,0,20183
15,21,1,55174
15,21,2,41346
15,21,3,61041
15,21,4,61111
15,21,5,61250
15,21,6,90095
15,21,7,79479
15,21,8,123897
15,21,9,124386
15,21,10,80666
15,21,11,167687
15,21,12,100222
15,21,13,81643
15,21,14,99313
15,21,15,99802
15,21,16,99872
15,21,17,99663
15,21,18,97637
15,21,19,119776
15,21,20,118869
15,22,0,20324
15,22,1,41695
15,22,2,42603
15,22,3,63765
15,22,4,62927
15,22,5,124735
15,22,6,132068
15,22,7,83250
15,22,8,82901
15,22,9,83809
15,22,10,129555
15,22,11,127948
15,22,12,83041
15,22,13,164126
15,22,14,167757
15,22,15,133465
15,22,16,102595
15,22,17,103573
15,22,18,165452
15,22,19,102945
15,22,20,196881
15,23,0,21371
15,23,1,43441
15,23,2,43860
15,23,3,66139
15,23,4,66628
15,23,5,97777
15,23,6,65790
15,23,7,135351
15,23,8,86323
15,23,9,86392
15,23,10,133396
15,23,11,86742
15,23,12,108044
15,23,13,86742
15,23,14,133955
15,23,15,171389
15,23,16,171459
15,23,17,170062
15,23,18,106507
15,23,19,107205
15,23,20,126830
15,24,0,21721
15,24,1,45955
15,24,2,61809
15,24,3,68514
15,24,4,67745
15,24,5,99593
15,24,6,68304
15,24,7,89536
15,24,8,88977
15,24,9,189059
15,24,10,90793
15,24,11,178164
15,24,12,142614
15,24,13,90653
15,24,14,110698
15,24,15,178233
15,24,16,178652
15,24,17,109371
15,24,18,109649
15,24,19,382377
15,24,20,134583
15,25,0,21860
15,25,1,47073
15,25,2,47003
15,25,3,69002
15,25,4,70958
15,25,5,70609
15,25,6,69980
15,25,7,92958
15,25,8,92539
15,25,9,96520
15,25,10,91700
15,25,11,92469
15,25,12,94075
15,25,13,93656
15,25,14,114608
15,25,15,94635
15,25,16,116704
15,25,17,185846
15,25,18,115935
15,25,19,184728
15,25,20,117262
15,26,0,22768
15,26,1,48469
15,26,2,47981
15,26,3,109440
15,26,4,73332
15,26,5,150227
15,26,6,72495
15,26,7,97218
15,26,8,95192
15,26,9,96869
15,26,10,94564
15,26,11,118659
15,26,12,119637
15,26,13,98685
15,26,14,117542
15,26,15,120266
15,26,16,121104
15,26,17,191503
15,26,18,120614
15,26,19,117891
15,26,20,119428
15,27,0,23326
15,27,1,50564
15,27,2,49517
15,27,3,75497
15,27,4,75288
15,27,5,74729
15,27,6,74939
15,27,7,98965
15,27,8,98685
15,27,9,99104
15,27,10,154278
15,27,11,99942
15,27,12,121941
15,27,13,124247
15,27,14,123129
15,27,15,122011
15,27,16,123269
15,27,17,123268
15,27,18,125643
15,27,19,196601
15,27,20,122361
15,28,0,23676
15,28,1,51682
15,28,2,50565
15,28,3,76336
15,28,4,76476
15,28,5,77453
15,28,6,76685
15,28,7,103225
15,28,8,102107
15,28,9,103364
15,28,10,101758
15,28,11,126132
15,28,12,103783
15,28,13,160912
15,28,14,126691
15,28,15,125504
15,28,16,127320
15,28,17,125364
15,28,18,128716
15,28,19,128786
15,28,20,202887
15,29,0,24305
15,29,1,53219
15,29,2,52241
15,29,3,79549
15,29,4,78641
15,29,5,80456
15,29,6,78711
15,29,7,105739
15,29,8,106996
15,29,9,104691
15,29,10,104901
15,29,11,129485
15,29,12,131650
15,29,13,166779
15,29,14,131091
15,29,15,133326
15,29,16,129694
15,29,17,132488
15,29,18,131510
15,29,19,211059
15,29,20,130602
15,30,0,24794
15,30,1,54126
15,30,2,53009
15,30,3,82552
15,30,4,81854
15,30,5,82273
15,30,6,121523
15,30,7,108393
15,30,8,108881
15,30,9,109789
15,30,10,108742
15,30,11,110977
15,30,12,133326
15,30,13,133675
15,30,14,111047
15,30,15,134792
15,30,16,136259
15,30,17,136259
15,30,18,134722
15,30,19,135979
15,30,20,135002
16,16,0,17111
16,16,1,46653
16,16,2,47003
16,16,3,78082
16,16,4,102596
16,16,5,146735
16,16,6,67675
16,16,7,140728
16,16,8,140240
16,16,9,148691
16,16,10,176418
16,16,11,174951
16,16,12,108322
16,16,13,135211
16,16,14,178233
16,16,15,179350
16,16,16,182005
16,16,17,132278
16,16,18,224467
16,16,19,184728
16,16,20,135421
16,17,0,17739
16,17,1,36387
16,17,2,36317
16,17,3,130253
16,17,4,104412
16,17,5,80666
16,17,6,103783
16,17,7,110418
16,17,8,110557
16,17,9,109440
16,17,10,147504
16,17,11,188709
16,17,12,185148
16,17,13,189687
16,17,14,137656
16,17,15,137167
16,17,16,189199
16,17,17,194925
16,17,18,137446
16,17,19,141148
16,17,20,193598
16,18,0,18368
16,18,1,51752
16,18,2,51751
16,18,3,56361
16,18,4,110209
16,18,5,109789
16,18,6,135840
16,18,7,73822
16,18,8,154907
16,18,9,113630
16,18,10,156443
16,18,11,192551
16,18,12,201420
16,18,13,145059
16,18,14,74659
16,18,15,146945
16,18,16,200582
16,18,17,91701
16,18,18,200861
16,18,19,201630
16,18,20,146246
16,19,0,18647
16,19,1,53847
16,19,2,53917
16,19,3,87929
16,19,4,58108
16,19,5,58596
16,19,6,86812
16,19,7,122640
16,19,8,118240
16,19,9,76056
16,19,10,120405
16,19,11,120894
16,19,12,94774
16,19,13,152532
16,19,14,150996
16,19,15,152672
16,19,16,153719
16,19,17,96869
16,19,18,149878
16,19,19,208335
16,19,20,95752
16,20,0,19904
16,20,1,70190
16,20,2,70818
16,20,3,62018
16,20,4,121942
16,20,5,90723
16,20,6,91002
16,20,7,124945
16,20,8,124386
16,20,9,81644
16,20,10,125434
16,20,11,125923
16,20,12,167757
16,20,13,100780
16,20,14,171947
16,20,15,102247
16,20,16,279013
16,20,17,162589
16,20,18,99523
16,20,19,218881
16,20,20,118869
16,21,0,20672
16,21,1,74450
16,21,2,42603
16,21,3,125364
16,21,4,64324
16,21,5,131021
16,21,6,84717
16,21,7,178792
16,21,8,82691
16,21,9,84158
16,21,10,84438
16,21,11,167059
16,21,12,131300
16,21,13,165034
16,21,14,104342
16,21,15,103504
16,21,16,106646
16,21,17,104761
16,21,18,105599
16,21,19,104760
16,21,20,166570
16,22,0,20742
16,22,1,60481
16,22,2,59853
16,22,3,66139
16,22,4,99034
16,22,5,97916
16,22,6,66279
16,22,7,189337
16,22,8,134792
16,22,9,87161
16,22,10,87440
16,22,11,86881
16,22,12,186404
16,22,13,107903
16,22,14,137796
16,22,15,109370
16,22,16,172786
16,22,17,106996
16,22,18,173694
16,22,19,109580
16,22,20,130951
16,23,0,21511
16,23,1,45606
16,23,2,45955
16,23,3,135421
16,23,4,102316
16,23,5,68584
16,23,6,136887
16,23,7,147923
16,23,8,92260
16,23,9,89396
16,23,10,89187
16,23,11,179910
16,23,12,92399
16,23,13,111606
16,23,14,181446
16,23,15,115307
16,23,16,178652
16,23,17,178862
16,23,18,111954
16,23,19,180188
16,23,20,133605
16,24,0,21720
16,24,1,47282
16,24,2,46514
16,24,3,106437
16,24,4,105948
16,24,5,94425
16,24,6,146386
16,24,7,95053
16,24,8,146735
16,24,9,145059
16,24,10,94564
16,24,11,95473
16,24,12,116355
16,24,13,147084
16,24,14,187383
16,24,15,118101
16,24,16,188500
16,24,17,115935
16,24,18,116843
16,24,19,187661
16,24,20,115587
16,25,0,21860
16,25,1,67396
16,25,2,47980
16,25,3,73682
16,25,4,74101
16,25,5,74659
16,25,6,74450
16,25,7,100501
16,25,8,98475
16,25,9,95472
16,25,10,99104
16,25,11,121941
16,25,12,97986
16,25,13,122501
16,25,14,121523
16,25,15,122780
16,25,16,121452
16,25,17,123339
16,25,18,195834
16,25,19,122151
16,25,20,122361
16,26,0,23187
16,26,1,69142
16,26,2,49587
16,26,3,76126
16,26,4,76266
16,26,5,113142
16,26,6,75568
16,26,7,102666
16,26,8,103224
16,26,9,215319
16,26,10,157421
16,26,11,125573
16,26,12,101199
16,26,13,124526
16,26,14,101199
16,26,15,123757
16,26,16,127110
16,26,17,127808
16,26,18,204423
16,26,19,246258
16,26,20,149739
16,27,0,23606
16,27,1,52032
16,27,2,70749
16,27,3,118101
16,27,4,78850
16,27,5,78221
16,27,6,77872
16,27,7,105249
16,27,8,103643
16,27,9,104342
16,27,10,105180
16,27,11,129834
16,27,12,208684
16,27,13,130672
16,27,14,206729
16,27,15,129834
16,27,16,127529
16,27,17,131161
16,27,18,127739
16,27,19,131440
16,27,20,131370
16,28,0,24025
16,28,1,53078
16,28,2,52660
16,28,3,120824
16,28,4,122501
16,28,5,81714
16,28,6,79549
16,28,7,108882
16,28,8,108253
16,28,9,107694
16,28,10,107135
16,28,11,212525
16,28,12,107066
16,28,13,133884
16,28,14,134583
16,28,15,136189
16,28,16,133884
16,28,17,133256
16,28,18,137237
16,28,19,160773
16,28,20,132906
16,29,0,24934
16,29,1,54755
16,29,2,54126
16,29,3,82901
16,29,4,83040
16,29,5,84088
16,29,6,82971
16,29,7,109650
16,29,8,113701
16,29,9,110558
16,29,10,113002
16,29,11,109999
16,29,12,174811
16,29,13,218042
16,29,14,136189
16,29,15,140031
16,29,16,221325
16,29,17,137377
16,29,18,139123
16,29,19,140939
16,29,20,138564
16,30,0,25352
16,30,1,56292
16,30,2,56501
16,30,3,86742
16,30,4,87022
16,30,5,85485
16,30,6,85764
16,30,7,114609
16,30,8,114399
16,30,9,115307
16,30,10,112304
16,30,11,114120
16,30,12,114329
16,30,13,229008
16,30,14,141357
16,30,15,141916
16,30,16,144640
16,30,17,142475
16,30,18,143732
16,30,19,142056
16,30,20,170132
17,17,0,18438
17,17,1,64463
17,17,2,66698
17,17,3,137167
17,17,4,137306
17,17,5,110139
17,17,6,57618
17,17,7,193808
17,17,8,116843
17,17,9,154487
17,17,10,153440
17,17,11,252613
17,17,12,250519
17,17,13,199604
17,17,14,200303
17,17,15,199534
17,17,16,258550
17,17,17,199954
17,17,18,146107
17,17,19,153091
17,17,20,244722
17,18,0,18927
17,18,1,67187
17,18,2,67326
17,18,3,141916
17,18,4,115517
17,18,5,170830
17,18,6,59155
17,18,7,121313
17,18,8,119148
17,18,9,161122
17,18,10,162519
17,18,11,154139
17,18,12,97707
17,18,13,210220
17,18,14,263648
17,18,15,96100
17,18,16,267839
17,18,17,210499
17,18,18,94773
17,18,19,165802
17,18,20,327203
17,19,0,19346
17,19,1,55663
17,19,2,114189
17,19,3,121663
17,19,4,62787
17,19,5,90584
17,19,6,90025
17,19,7,172716
17,19,8,125993
17,19,9,173135
17,19,10,172995
17,19,11,98965
17,19,12,163078
17,19,13,163148
17,19,14,277616
17,19,15,163287
17,19,16,101827
17,19,17,160564
17,19,18,159865
17,19,19,162658
17,19,20,219998
17,20,0,19904
17,20,1,42044
17,20,2,73263
17,20,3,159446
17,20,4,126272
17,20,5,127809
17,20,6,96659
17,20,7,224956
17,20,8,133046
17,20,9,180678
17,20,10,134652
17,20,11,232011
17,20,12,169015
17,20,13,131440
17,20,14,170621
17,20,15,170201
17,20,16,231941
17,20,17,234315
17,20,18,106995
17,20,19,106717
17,20,20,124036
17,21,0,20394
17,21,1,77035
17,21,2,60482
17,21,3,134932
17,21,4,99174
17,21,5,65720
17,21,6,131789
17,21,7,139611
17,21,8,88139
17,21,9,136678
17,21,10,140310
17,21,11,175859
17,21,12,139401
17,21,13,185427
17,21,14,88837
17,21,15,174182
17,21,16,172995
17,21,17,174042
17,21,18,237807
17,21,19,107415
17,21,20,109231
17,22,0,21162
17,22,1,61948
17,22,2,62786
17,22,3,68863
17,22,4,104202
17,22,5,170760
17,22,6,103154
17,22,7,144151
17,22,8,91212
17,22,9,145547
17,22,10,93097
17,22,11,114888
17,22,12,113561
17,22,13,317775
17,22,14,113142
17,22,15,182075
17,22,16,113771
17,22,17,113211
17,22,18,115446
17,22,19,248144
17,22,20,136329
17,23,0,21790
17,23,1,83041
17,23,2,64183
17,23,3,106577
17,23,4,107904
17,23,5,148411
17,23,6,201351
17,23,7,150297
17,23,8,96659
17,23,9,94285
17,23,10,95612
17,23,11,193459
17,23,12,255267
17,23,13,204214
17,23,14,95402
17,23,15,119288
17,23,16,190735
17,23,17,188151
17,23,18,261065
17,23,19,120825
17,23,20,191783
17,24,0,22070
17,24,1,48539
17,24,2,67117
17,24,3,74311
17,24,4,110837
17,24,5,73751
17,24,6,73263
17,24,7,99383
17,24,8,156792
17,24,9,155186
17,24,10,100850
17,24,11,97078
17,24,12,99663
17,24,13,123269
17,24,14,122431
17,24,15,122012
17,24,16,196810
17,24,17,196252
17,24,18,123338
17,24,19,121453
17,24,20,330137
17,25,0,22838
17,25,1,88418
17,25,2,70050
17,25,3,77034
17,25,4,117542
17,25,5,155815
17,25,6,79409
17,25,7,103923
17,25,8,165313
17,25,9,106367
17,25,10,106227
17,25,11,105111
17,25,12,132418
17,25,13,128786
17,25,14,211827
17,25,15,213223
17,25,16,210709
17,25,17,131370
17,25,18,128437
17,25,19,204843
17,25,20,150856
17,26,0,23396
17,26,1,52101
17,26,2,51123
17,26,3,80457
17,26,4,78711
17,26,5,79199
17,26,6,79409
17,26,7,106647
17,26,8,104272
17,26,9,165243
17,26,10,163357
17,26,11,103853
17,26,12,132208
17,26,13,132627
17,26,14,165802
17,26,15,130672
17,26,16,212036
17,26,17,131859
17,26,18,133326
17,26,19,133047
17,26,20,254639
17,27,0,23746
17,27,1,53498
17,27,2,73822
17,27,3,81923
17,27,4,84228
17,27,5,122430
17,27,6,124037
17,27,7,108672
17,27,8,105739
17,27,9,108393
17,27,10,107904
17,27,11,139052
17,27,12,135002
17,27,13,135631
17,27,14,134164
17,27,15,222093
17,27,16,221395
17,27,17,218741
17,27,18,137307
17,27,19,163707
17,27,20,137307
17,28,0,24584
17,28,1,55453
17,28,2,76336
17,28,3,84298
17,28,4,127110
17,28,5,84716
17,28,6,177255
17,28,7,113910
17,28,8,178163
17,28,9,112094
17,28,10,112583
17,28,11,138564
17,28,12,112444
17,28,13,138564
17,28,14,225725
17,28,15,141986
17,28,16,224677
17,28,17,225167
17,28,18,224677
17,28,19,139542
17,28,20,165453
17,29,0,25492
17,29,1,78850
17,29,2,57060
17,29,3,88069
17,29,4,86812
17,29,5,86882
17,29,6,86952
17,29,7,115795
17,29,8,115586
17,29,9,116215
17,29,10,113840
17,29,11,233267
17,29,12,181725
17,29,13,182912
17,29,14,142964
17,29,15,145059
17,29,16,147503
17,29,17,144081
17,29,18,142545
17,29,19,145059
17,29,20,281947
17,30,0,25701
17,30,1,80457
17,30,2,57758
17,30,3,89815
17,30,4,88838
17,30,5,134374
17,30,6,88977
17,30,7,121592
17,30,8,117472
17,30,9,120195
17,30,10,189338
17,30,11,121174
17,30,12,149179
17,30,13,189128
17,30,14,146316
17,30,15,241020
17,30,16,147992
17,30,17,240112
17,30,18,150925
17,30,19,149948
17,30,20,149948
18,18,0,19346
18,18,1,55873
18,18,2,70539
18,18,3,149459
18,18,4,150437
18,18,5,150017
18,18,6,151694
18,18,7,173694
18,18,8,123199
18,18,9,168595
18,18,10,214690
18,18,11,221465
18,18,12,277826
18,18,13,173834
18,18,14,162379
18,18,15,99313
18,18,16,221045
18,18,17,219789
18,18,18,230405
18,18,19,278664
18,18,20,276359
18,19,0,19625
18,19,1,104552
18,19,2,57618
18,19,3,95961
18,19,4,160983
18,19,5,94285
18,19,6,180678
18,19,7,180678
18,19,8,132068
18,19,9,183681
18,19,10,130951
18,19,11,295077
18,19,12,166710
18,19,13,86533
18,19,14,230404
18,19,15,299826
18,19,16,169084
18,19,17,167618
18,19,18,296334
18,19,19,104691
18,19,20,206100
18,20,0,20324
18,20,1,60831
18,20,2,77243
18,20,3,108602
18,20,4,165662
18,20,5,136398
18,20,6,100291
18,20,7,237179
18,20,8,135980
18,20,9,236759
18,20,10,184659
18,20,11,177605
18,20,12,177116
18,20,13,240810
18,20,14,236061
18,20,15,243045
18,20,16,179491
18,20,17,175160
18,20,18,113910
18,20,19,111815
18,20,20,176836
18,21,0,21581
18,21,1,80457
18,21,2,96240
18,21,3,69841
18,21,4,69770
18,21,5,137656
18,21,6,69002
18,21,7,192551
18,21,8,194366
18,21,9,146176
18,21,10,94565
18,21,11,94704
18,21,12,246398
18,21,13,182704
18,21,14,182214
18,21,15,251077
18,21,16,183681
18,21,17,182494
18,21,18,118729
18,21,19,252543
18,21,20,249611
18,22,0,21441
18,22,1,82063
18,22,2,65162
18,22,3,144152
18,22,4,142894
18,22,5,108183
18,22,6,108183
18,22,7,205262
18,22,8,154976
18,22,9,149459
18,22,10,149738
18,22,11,192411
18,22,12,258201
18,22,13,150786
18,22,14,204424
18,22,15,190595
18,22,16,195973
18,22,17,188849
18,22,18,117123
18,22,19,142195
18,22,20,139612
18,23,0,21720
18,23,1,86114
18,23,2,49517
18,23,3,74450
18,23,4,111885
18,23,5,112025
18,23,6,74590
18,23,7,100151
18,23,8,158398
18,23,9,159865
18,23,10,213364
18,23,11,211617
18,23,12,199185
18,23,13,196810
18,23,14,155396
18,23,15,270493
18,23,16,273007
18,23,17,196532
18,23,18,125364
18,23,19,124036
18,23,20,145199
18,24,0,22559
18,24,1,89535
18,24,2,69701
18,24,3,117681
18,24,4,155465
18,24,5,116634
18,24,6,76965
18,24,7,105320
18,24,8,104062
18,24,9,103783
18,24,10,278036
18,24,11,104272
18,24,12,129834
18,24,13,124526
18,24,14,206798
18,24,15,206519
18,24,16,205891
18,24,17,203726
18,24,18,284041
18,24,19,129066
18,24,20,282505
18,25,0,23326
18,25,1,91421
18,25,2,52311
18,25,3,82063
18,25,4,81573
18,25,5,81154
18,25,6,121034
18,25,7,108043
18,25,8,169363
18,25,9,168525
18,25,10,164475
18,25,11,136049
18,25,12,108043
18,25,13,108183
18,25,14,215039
18,25,15,300734
18,25,16,131720
18,25,17,133395
18,25,18,215459
18,25,19,158259
18,25,20,156164
18,26,0,23466
18,26,1,53917
18,26,2,74799
18,26,3,82901
18,26,4,123827
18,26,5,81783
18,26,6,124037
18,26,7,237877
18,26,8,109929
18,26,9,237179
18,26,10,172157
18,26,11,138005
18,26,12,138564
18,26,13,172646
18,26,14,310162
18,26,15,139262
18,26,16,224957
18,26,17,219230
18,26,18,138145
18,26,19,375673
18,26,20,219788
18,27,0,24724
18,27,1,55454
18,27,2,75986
18,27,3,128297
18,27,4,86184
18,27,5,129904
18,27,6,129764
18,27,7,114609
18,27,8,181027
18,27,9,177675
18,27,10,112793
18,27,11,113980
18,27,12,113630
18,27,13,185846
18,27,14,180817
18,27,15,144082
18,27,16,141567
18,27,17,315331
18,27,18,228519
18,27,19,233687
18,27,20,230753
18,28,0,25003
18,28,1,100850
18,28,2,56222
18,28,3,88069
18,28,4,133186
18,28,5,88627
18,28,6,115516
18,28,7,119079
18,28,8,184450
18,28,9,183472
18,28,10,118031
18,28,11,185497
18,28,12,119916
18,28,13,147434
18,28,14,322873
18,28,15,240112
18,28,16,147853
18,28,17,147503
18,28,18,145408
18,28,19,146525
18,28,20,236969
18,29,0,25841
18,29,1,82202
18,29,2,81644
18,29,3,91002
18,29,4,137516
18,29,5,136399
18,29,6,90025
18,29,7,190595
18,29,8,189407
18,29,9,122710
18,29,10,120894
18,29,11,190805
18,29,12,151065
18,29,13,151554
18,29,14,192132
18,29,15,191783
18,29,16,245001
18,29,17,244442
18,29,18,243185
18,29,19,152322
18,29,20,245560
18,30,0,26120
18,30,1,84577
18,30,2,83529
18,30,3,93237
18,30,4,94006
18,30,5,93866
18,30,6,92608
18,30,7,194716
18,30,8,267420
18,30,9,194995
18,30,10,412549
18,30,11,153300
18,30,12,154557
18,30,13,125503
18,30,14,123688
18,30,15,157001
18,30,16,155465
18,30,17,155535
18,30,18,253662
18,30,19,255687
18,30,20,154906
19,19,0,20184
19,19,1,93586
19,19,2,76545
19,19,3,165173
19,19,4,168665
19,19,5,166709
19,19,6,132767
19,19,7,188919
19,19,8,187871
19,19,9,190735
19,19,10,187801
19,19,11,308137
19,19,12,239553
19,19,13,88139
19,19,14,374975
19,19,15,245699
19,19,16,108323
19,19,17,311838
19,19,18,172926
19,19,19,305762
19,19,20,459132
19,20,0,21092
19,20,1,96729
19,20,2,80666
19,20,3,172367
19,20,4,169434
19,20,5,173554
19,20,6,206518
19,20,7,194227
19,20,8,144570
19,20,9,351228
19,20,10,245630
19,20,11,113351
19,20,12,249470
19,20,13,145967
19,20,14,324899
19,20,15,115167
19,20,16,185776
19,20,17,323711
19,20,18,394949
19,20,19,306391
19,20,20,257293
19,21,0,21302
19,21,1,82831
19,21,2,100850
19,21,3,144011
19,21,4,110488
19,21,5,143452
19,21,6,309394
19,21,7,203865
19,21,8,202049
19,21,9,308416
19,21,10,202119
19,21,11,98685
19,21,12,259039
19,21,13,120964
19,21,14,205192
19,21,15,263719
19,21,16,270982
19,21,17,191084
19,21,18,261973
19,21,19,198277
19,21,20,230893
19,22,0,21510
19,22,1,68025
19,22,2,105180
19,22,3,151484
19,22,4,114049
19,22,5,186195
19,22,6,211966
19,22,7,161681
19,22,8,100989
19,22,9,214481
19,22,10,211966
19,22,11,278944
19,22,12,271331
19,22,13,199814
19,22,14,272169
19,22,15,200513
19,22,16,277686
19,22,17,200582
19,22,18,198626
19,22,19,277896
19,22,20,339146
19,23,0,22558
19,23,1,70678
19,23,2,89396
19,23,3,156653
19,23,4,119358
19,23,5,196322
19,23,6,78151
19,23,7,222583
19,23,8,166640
19,23,9,279922
19,23,10,221185
19,23,11,103573
19,23,12,289001
19,23,13,366244
19,23,14,211477
19,23,15,287604
19,23,16,132768
19,23,17,287604
19,23,18,128158
19,23,19,130183
19,23,20,208335
19,24,0,23117
19,24,1,72634
19,24,2,52869
19,24,3,125155
19,24,4,123758
19,24,5,203585
19,24,6,163078
19,24,7,171179
19,24,8,231662
19,24,9,109999
19,24,10,169014
19,24,11,218182
19,24,12,383565
19,24,13,293051
19,24,14,134373
19,24,15,219858
19,24,16,227750
19,24,17,136608
19,24,18,300315
19,24,19,138075
19,24,20,217064
19,25,0,24026
19,25,1,75917
19,25,2,75358
19,25,3,168525
19,25,4,126062
19,25,5,85136
19,25,6,84297
19,25,7,235293
19,25,8,111187
19,25,9,176277
19,25,10,113072
19,25,11,222792
19,25,12,225795
19,25,13,139262
19,25,14,177884
19,25,15,140589
19,25,16,312747
19,25,17,224607
19,25,18,138634
19,25,19,391945
19,25,20,395158
19,26,0,23815
19,26,1,78081
19,26,2,78082
19,26,3,85904
19,26,4,130114
19,26,5,128716
19,26,6,181586
19,26,7,116704
19,26,8,325248
19,26,9,182004
19,26,10,181096
19,26,11,145268
19,26,12,317565
19,26,13,230963
19,26,14,231661
19,26,15,226424
19,26,16,319591
19,26,17,143802
19,26,18,235992
19,26,19,143033
19,26,20,280829
19,27,0,25352
19,27,1,80666
19,27,2,80805
19,27,3,133675
19,27,4,135281
19,27,5,89117
19,27,6,135002
19,27,7,120545
19,27,8,120824
19,27,9,120196
19,27,10,118101
19,27,11,122081
19,27,12,240601
19,27,13,239902
19,27,14,238995
19,27,15,518148
19,27,16,329299
19,27,17,150367
19,27,18,329648
19,27,19,404587
19,27,20,429380
19,28,0,25980
19,28,1,84088
19,28,2,59225
19,28,3,91841
19,28,4,91840
19,28,5,91631
19,28,6,91910
19,28,7,124736
19,28,8,122081
19,28,9,120894
19,28,10,121523
19,28,11,195064
19,28,12,150297
19,28,13,154348
19,28,14,153859
19,28,15,154138
19,28,16,342918
19,28,17,155815
19,28,18,347457
19,28,19,248284
19,28,20,182773
19,29,0,25702
19,29,1,84368
19,29,2,84298
19,29,3,93377
19,29,4,94983
19,29,5,95053
19,29,6,125992
19,29,7,201350
19,29,8,202538
19,29,9,202189
19,29,10,127808
19,29,11,128227
19,29,12,125714
19,29,13,156443
19,29,14,127529
19,29,15,259668
19,29,16,256245
19,29,17,156582
19,29,18,254080
19,29,19,256664
19,29,20,256385
19,30,0,26609
19,30,1,62857
19,30,2,62228
19,30,3,97567
19,30,4,198347
19,30,5,94564
19,30,6,146944
19,30,7,204913
19,30,8,204773
19,30,9,129694
19,30,10,131231
19,30,11,163008
19,30,12,207287
19,30,13,260436
19,30,14,284461
19,30,15,162170
19,30,16,268537
19,30,17,367222
19,30,18,163427
19,30,19,161192
19,30,20,162310
20,20,0,21092
20,20,1,118240
20,20,2,100431
20,20,3,72704
20,20,4,216156
20,20,5,180189
20,20,6,254080
20,20,7,261064
20,20,8,261483
20,20,9,96729
20,20,10,206449
20,20,11,271611
20,20,12,188640
20,20,13,267420
20,20,14,193808
20,20,15,280550
20,20,16,331324
20,20,17,338028
20,20,18,272239
20,20,19,341311
20,20,20,341381
20,21,0,21999
20,21,1,86253
20,21,2,68374
20,21,3,302131
20,21,4,226703
20,21,5,225096
20,21,6,113212
20,21,7,155116
20,21,8,157770
20,21,9,275032
20,21,10,211756
20,21,11,275661
20,21,12,269864
20,21,13,327134
20,21,14,325527
20,21,15,272588
20,21,16,199884
20,21,17,200652
20,21,18,352067
20,21,19,433780
20,21,20,335235
20,22,0,22279
20,22,1,90024
20,22,2,92818
20,22,3,157211
20,22,4,202607
20,22,5,196671
20,22,6,120684
20,22,7,229706
20,22,8,229776
20,22,9,168805
20,22,10,230684
20,22,11,298639
20,22,12,169154
20,22,13,295985
20,22,14,170411
20,22,15,229217
20,22,16,294797
20,22,17,290258
20,22,18,288651
20,22,19,131999
20,22,20,289838
20,23,0,22698
20,23,1,116913
20,23,2,116285
20,23,3,170271
20,23,4,167128
20,23,5,167897
20,23,6,168596
20,23,7,177325
20,23,8,240182
20,23,9,171947
20,23,10,238366
20,23,11,222093
20,23,12,384333
20,23,13,218671
20,23,14,216645
20,23,15,220556
20,23,16,225864
20,23,17,230125
20,23,18,382727
20,23,19,301222
20,23,20,464999
20,24,0,23257
20,24,1,77104
20,24,2,76406
20,24,3,171668
20,24,4,127878
20,24,5,129345
20,24,6,175998
20,24,7,307857
20,24,8,176487
20,24,9,181026
20,24,10,181515
20,24,11,226982
20,24,12,399698
20,24,13,305343
20,24,14,485671
20,24,15,313934
20,24,16,315540
20,24,17,315819
20,24,18,141846
20,24,19,138704
20,24,20,224398
20,25,0,23815
20,25,1,77524
20,25,2,99104
20,25,3,88418
20,25,4,88558
20,25,5,223769
20,25,6,130811
20,25,7,252823
20,25,8,249890
20,25,9,248982
20,25,10,117752
20,25,11,119148
20,25,12,115516
20,25,13,145897
20,25,14,316378
20,25,15,326645
20,25,16,323502
20,25,17,234525
20,25,18,145128
20,25,19,283553
20,25,20,143802
20,26,0,25003
20,26,1,57129
20,26,2,79898
20,26,3,135840
20,26,4,182703
20,26,5,134793
20,26,6,133535
20,26,7,256454
20,26,8,257013
20,26,9,186754
20,26,10,189128
20,26,11,240950
20,26,12,191154
20,26,13,152393
20,26,14,189478
20,26,15,147224
20,26,16,240601
20,26,17,148761
20,26,18,146735
20,26,19,240531
20,26,20,147014
20,27,0,25771
20,27,1,83599
20,27,2,82692
20,27,3,138913
20,27,4,189129
20,27,5,93168
20,27,6,91771
20,27,7,194646
20,27,8,125503
20,27,9,194576
20,27,10,122152
20,27,11,251216
20,27,12,198277
20,27,13,124595
20,27,14,156024
20,27,15,156932
20,27,16,154347
20,27,17,344943
20,27,18,154278
20,27,19,345572
20,27,20,251007
20,28,0,26051
20,28,1,85625
20,28,2,85555
20,28,3,96031
20,28,4,146526
20,28,5,95333
20,28,6,200024
20,28,7,204214
20,28,8,206239
20,28,9,128437
20,28,10,127250
20,28,11,279293
20,28,12,161122
20,28,13,260925
20,28,14,200932
20,28,15,351299
20,28,16,259248
20,28,17,258201
20,28,18,159795
20,28,19,160563
20,28,20,192970
20,29,0,25143
20,29,1,113980
20,29,2,63066
20,29,3,200862
20,29,4,97847
20,29,5,201001
20,29,6,97917
20,29,7,133605
20,29,8,208823
20,29,9,210080
20,29,10,206937
20,29,11,166500
20,29,12,161820
20,29,13,207217
20,29,14,132348
20,29,15,163008
20,29,16,266930
20,29,17,265324
20,29,18,274683
20,29,19,197439
20,29,20,163706
20,30,0,26749
20,30,1,90583
20,30,2,63694
20,30,3,152671
20,30,4,101408
20,30,5,100151
20,30,6,101059
20,30,7,133745
20,30,8,132767
20,30,9,135770
20,30,10,135072
20,30,11,167757
20,30,12,295147
20,30,13,172925
20,30,14,217204
20,30,15,167827
20,30,16,169363
20,30,17,382448
20,30,18,277267
20,30,19,278105
20,30,20,168246
